,Target
0,0.0
1,0.0
2,-28.80000000000041
3,-28.80000000000041
4,0.0
5,-28.799999999998363
6,0.0
7,0.0
8,0.0
9,-28.80000000000041
10,0.0
11,0.0
12,0.0
13,-28.80000000000041
14,0.0
15,0.0
16,0.0
17,0.0
18,0.0
19,0.0
20,0.0
21,0.0
22,0.0
23,0.0
24,0.0
25,0.0
26,-28.799999999998363
27,0.0
28,0.0
29,0.0
30,0.0
31,0.0
32,-28.800000000002456
33,-28.799999999998363
34,0.0
35,0.0
36,0.0
37,0.0
38,0.0
39,-28.800000000002456
40,-28.800000000002456
41,-28.800000000002456
42,-28.799999999998363
43,0.0
44,0.0
45,0.0
46,-28.799999999998363
47,0.0
48,-28.800000000002456
49,0.0
50,0.0
51,0.0
52,0.0
53,-28.799999999998363
54,0.0
55,-28.800000000002456
56,-28.800000000002456
57,-28.800000000002456
58,-14.400000000001228
59,0.0
60,-28.800000000002456
61,0.0
62,0.0
63,0.0
64,0.0
65,-28.799999999998363
66,0.0
67,0.0
68,0.0
69,0.0
70,-28.799999999998363
71,0.0
72,0.0
73,-14.399999999999181
74,-28.799999999998363
75,0.0
76,0.0
77,-28.800000000002456
78,0.0
79,0.0
80,0.0
81,-28.799999999998363
82,0.0
83,0.0
84,-28.800000000002456
85,0.0
86,-28.799999999998363
87,0.0
88,0.0
89,0.0
90,0.0
91,0.0
92,0.0
93,0.0
94,-28.799999999998363
95,0.0
96,0.0
97,0.0
98,-28.800000000002456
99,0.0
100,0.0
101,0.0
102,-28.800000000002456
103,0.0
104,0.0
105,-28.799999999998363
106,0.0
107,-28.800000000002456
108,0.0
109,0.0
110,-28.799999999998363
111,-28.799999999998363
112,-28.799999999998363
113,0.0
114,0.0
115,0.0
116,0.0
117,0.0
118,0.0
119,-57.60000000000082
120,0.0
121,0.0
122,0.0
123,0.0
124,0.0
125,0.0
126,0.0
127,0.0
128,0.0
129,0.0
130,0.0
131,-28.799999999998363
132,0.0
133,0.0
134,-28.80000000000041
135,0.0
136,0.0
137,-14.400000000000205
138,-28.80000000000041
139,0.0
140,-28.80000000000041
141,0.0
142,-28.80000000000041
143,0.0
144,0.0
145,-28.80000000000041
146,0.0
147,0.0
148,0.0
149,0.0
150,0.0
151,-28.799999999998363
152,0.0
153,-28.80000000000041
154,0.0
155,0.0
156,0.0
157,-28.80000000000041
158,0.0
159,0.0
160,0.0
161,-28.80000000000041
162,0.0
163,0.0
164,0.0
165,-28.80000000000041
166,0.0
167,0.0
168,0.0
169,-28.799999999998363
170,0.0
171,0.0
172,0.0
173,0.0
174,0.0
175,-28.80000000000041
176,0.0
177,0.0
178,0.0
179,-28.80000000000041
180,0.0
181,-28.80000000000041
182,0.0
183,0.0
184,0.0
185,-28.80000000000041
186,-28.80000000000041
187,-28.80000000000041
188,0.0
189,-28.80000000000041
190,0.0
191,0.0
192,0.0
193,0.0
194,0.0
195,0.0
196,0.0
197,0.0
198,-28.799999999998363
199,-28.799999999998363
200,-28.799999999998363
201,-28.799999999998363
202,-28.799999999998363
203,-28.80000000000041
204,0.0
205,0.0
206,0.0
207,0.0
208,-28.80000000000041
209,0.0
210,0.0
211,0.0
212,0.0
213,0.0
214,0.0
215,-28.80000000000041
216,0.0
217,0.0
218,0.0
219,0.0
220,-28.80000000000041
221,0.0
222,0.0
223,-14.400000000000205
224,-28.80000000000041
225,0.0
226,0.0
227,0.0
228,0.0
229,-28.799999999998363
230,0.0
231,0.0
232,0.0
233,0.0
234,-28.80000000000041
235,0.0
236,-28.80000000000041
237,0.0
238,0.0
239,0.0
240,0.0
241,0.0
242,0.0
243,-28.80000000000041
244,0.0
245,0.0
246,-28.80000000000041
247,0.0
248,0.0
249,0.0
250,0.0
251,-28.799999999998363
252,0.0
253,-28.80000000000041
254,0.0
255,0.0
256,0.0
257,0.0
258,-28.80000000000041
259,0.0
260,0.0
261,-28.80000000000041
262,0.0
263,0.0
264,0.0
265,0.0
266,0.0
267,-28.80000000000041
268,0.0
269,0.0
270,0.0
271,0.0
272,-28.799999999998363
273,0.0
274,0.0
275,0.0
276,-28.80000000000041
277,0.0
278,0.0
279,-28.80000000000041
280,0.0
281,0.0
282,0.0
283,0.0
284,0.0
285,-28.80000000000041
286,0.0
287,0.0
288,0.0
289,-28.80000000000041
290,0.0
291,0.0
292,-28.799999999998363
293,0.0
294,-28.80000000000041
295,-28.80000000000041
296,-28.80000000000041
297,0.0
298,0.0
299,0.0
300,0.0
301,-28.80000000000041
302,0.0
303,-28.80000000000041
304,0.0
305,0.0
306,0.0
307,0.0
308,-28.80000000000041
309,0.0
310,0.0
311,0.0
312,0.0
313,-28.799999999998363
314,0.0
315,0.0
316,0.0
317,-28.80000000000041
318,0.0
319,-28.80000000000041
320,0.0
321,0.0
322,0.0
323,0.0
324,0.0
325,-28.80000000000041
326,0.0
327,0.0
328,0.0
329,0.0
330,0.0
331,-28.80000000000041
332,0.0
333,-28.799999999998363
334,0.0
335,0.0
336,0.0
337,-28.80000000000041
338,0.0
339,0.0
340,-28.80000000000041
341,0.0
342,0.0
343,0.0
344,-28.80000000000041
345,0.0
346,-28.80000000000041
347,0.0
348,0.0
349,0.0
350,-28.799999999998363
351,0.0
352,0.0
353,-28.80000000000041
354,-28.80000000000041
355,-28.80000000000041
356,0.0
357,0.0
358,0.0
359,0.0
360,-28.80000000000041
361,0.0
362,0.0
363,0.0
364,0.0
365,-28.80000000000041
366,-14.400000000000205
367,0.0
368,0.0
369,-28.80000000000041
370,0.0
371,0.0
372,-28.80000000000041
373,0.0
374,0.0
375,0.0
376,-28.799999999998363
377,0.0
378,0.0
379,0.0
380,-28.80000000000041
381,0.0
382,0.0
383,0.0
384,0.0
385,-28.80000000000041
386,0.0
387,0.0
388,0.0
389,0.0
390,0.0
391,-28.80000000000041
392,0.0
393,0.0
394,0.0
395,-57.60000000000082
396,0.0
397,0.0
398,0.0
399,-28.799999999998363
400,0.0
401,0.0
402,0.0
403,0.0
404,0.0
405,0.0
406,0.0
407,0.0
408,0.0
409,0.0
410,0.0
411,-28.80000000000041
412,0.0
413,0.0
414,-28.80000000000041
415,0.0
416,0.0
417,0.0
418,-28.80000000000041
419,0.0
420,0.0
421,0.0
422,0.0
423,0.0
424,0.0
425,0.0
426,-28.80000000000041
427,-28.799999999998363
428,0.0
429,0.0
430,0.0
431,-14.399999999999181
432,-28.799999999998363
433,0.0
434,0.0
435,0.0
436,-28.80000000000041
437,0.0
438,0.0
439,-28.80000000000041
440,-28.80000000000041
441,-28.80000000000041
442,0.0
443,-28.80000000000041
444,0.0
445,-28.80000000000041
446,0.0
447,0.0
448,0.0
449,-28.80000000000041
450,-28.799999999998363
451,0.0
452,0.0
453,0.0
454,-28.80000000000041
455,-14.400000000000205
456,0.0
457,-28.80000000000041
458,0.0
459,0.0
460,0.0
461,-28.80000000000041
462,0.0
463,0.0
464,0.0
465,-28.80000000000041
466,0.0
467,0.0
468,0.0
469,-28.80000000000041
470,0.0
471,0.0
472,-28.799999999998363
473,0.0
474,0.0
475,0.0
476,-28.80000000000041
477,-28.80000000000041
478,-28.80000000000041
479,-28.80000000000041
480,-28.80000000000041
481,0.0
482,0.0
483,0.0
484,-28.80000000000041
485,0.0
486,0.0
487,0.0
488,-28.80000000000041
489,0.0
490,0.0
491,0.0
492,0.0
493,0.0
494,-28.80000000000041
495,0.0
496,0.0
497,0.0
498,-28.799999999998363
499,0.0
500,0.0
501,0.0
502,-28.80000000000041
503,0.0
504,0.0
505,0.0
506,0.0
507,-28.80000000000041
508,0.0
509,-28.80000000000041
510,0.0
511,-14.400000000000205
512,-28.80000000000041
513,0.0
514,0.0
515,-28.80000000000041
516,-28.80000000000041
517,-28.80000000000041
518,0.0
519,-28.799999999998363
520,0.0
521,0.0
522,0.0
523,0.0
524,-28.80000000000041
525,0.0
526,0.0
527,0.0
528,0.0
529,0.0
530,-28.80000000000041
531,-28.80000000000041
532,-28.80000000000041
533,0.0
534,-28.80000000000041
535,-28.80000000000041
536,-28.80000000000041
537,0.0
538,-28.80000000000041
539,-24.68571428571464
540,-20.571428571428864
541,-16.45714285714309
542,-12.34285714285732
543,-8.228571428571549
544,-4.114285714285774
545,0.0
546,-28.80000000000041
547,0.0
548,0.0
549,-28.80000000000041
550,0.0
551,0.0
552,0.0
553,-28.80000000000041
554,0.0
555,0.0
556,0.0
557,-28.799999999998363
558,0.0
559,0.0
560,-28.80000000000041
561,-28.80000000000041
562,-28.80000000000041
563,0.0
564,0.0
565,0.0
566,0.0
567,0.0
568,-28.80000000000041
569,0.0
570,0.0
571,-28.80000000000041
572,-28.80000000000041
573,-28.80000000000041
574,0.0
575,-28.80000000000041
576,-28.80000000000041
577,-28.80000000000041
578,0.0
579,0.0
580,-28.799999999998363
581,0.0
582,0.0
583,-28.80000000000041
584,0.0
585,0.0
586,0.0
587,-28.80000000000041
588,0.0
589,0.0
590,0.0
591,-28.80000000000041
592,0.0
593,0.0
594,0.0
595,-28.80000000000041
596,0.0
597,-28.799999999998363
598,0.0
599,0.0
600,-28.80000000000041
601,0.0
602,0.0
603,0.0
604,-28.80000000000041
605,-14.400000000000205
606,0.0
607,-28.80000000000041
608,0.0
609,0.0
610,-28.80000000000041
611,0.0
612,0.0
613,-28.80000000000041
614,0.0
615,0.0
616,0.0
617,-28.799999999998363
618,0.0
619,0.0
620,-28.80000000000041
621,-28.80000000000041
622,-28.80000000000041
623,0.0
624,-28.80000000000041
625,0.0
626,0.0
627,0.0
628,0.0
629,0.0
630,-28.80000000000041
631,-28.80000000000041
632,0.0
633,-14.400000000000205
634,-28.80000000000041
635,-28.799999999998363
636,-14.399999999999181
637,0.0
638,-28.799999999998363
639,0.0
640,0.0
641,-28.80000000000041
642,0.0
643,0.0
644,0.0
645,-28.80000000000041
646,0.0
647,-28.80000000000041
648,-28.80000000000041
649,-28.80000000000041
650,-57.59999999999877
651,0.0
652,0.0
653,0.0
654,-28.80000000000041
655,-28.80000000000041
656,-28.80000000000041
657,0.0
658,-28.80000000000041
659,-14.400000000000205
660,0.0
661,-28.80000000000041
662,0.0
663,0.0
664,0.0
665,0.0
666,0.0
667,0.0
668,-28.80000000000041
669,0.0
670,0.0
671,0.0
672,-28.80000000000041
673,0.0
674,0.0
675,0.0
676,-28.799999999998363
677,0.0
678,0.0
679,-28.80000000000041
680,0.0
681,-28.80000000000041
682,-14.400000000000205
683,0.0
684,0.0
685,0.0
686,0.0
687,0.0
688,-28.80000000000041
689,0.0
690,0.0
691,-28.80000000000041
692,0.0
693,-28.80000000000041
694,0.0
695,0.0
696,-28.799999999998363
697,0.0
698,0.0
699,0.0
700,-28.799999999998363
701,0.0
702,0.0
703,-28.80000000000041
704,0.0
705,0.0
706,0.0
707,-28.80000000000041
708,0.0
709,-14.400000000000205
710,-28.80000000000041
711,0.0
712,0.0
713,0.0
714,0.0
715,-28.80000000000041
716,-14.400000000000205
717,0.0
718,-28.80000000000041
719,-28.80000000000041
720,0.0
721,0.0
722,0.0
723,-28.799999999998363
724,0.0
725,0.0
726,0.0
727,0.0
728,-28.80000000000041
729,0.0
730,0.0
731,0.0
732,0.0
733,-28.80000000000041
734,0.0
735,0.0
736,0.0
737,-28.80000000000041
738,0.0
739,0.0
740,0.0
741,-28.80000000000041
742,0.0
743,0.0
744,0.0
745,0.0
746,-28.799999999998363
747,0.0
748,-28.80000000000041
749,0.0
750,0.0
751,0.0
752,0.0
753,-28.80000000000041
754,0.0
755,0.0
756,0.0
757,0.0
758,0.0
759,0.0
760,-28.80000000000041
761,0.0
762,-28.80000000000041
763,-28.799999999998363
764,0.0
765,0.0
766,0.0
767,-57.60000000000082
768,0.0
769,0.0
770,0.0
771,-28.80000000000041
772,0.0
773,-28.80000000000041
774,0.0
775,0.0
776,-28.799999999998363
777,0.0
778,0.0
779,-28.80000000000041
780,-28.80000000000041
781,0.0
782,0.0
783,-28.80000000000041
784,0.0
785,0.0
786,-28.80000000000041
787,0.0
788,-28.799999999998363
789,0.0
790,-28.80000000000041
791,0.0
792,0.0
793,-28.80000000000041
794,0.0
795,0.0
796,0.0
797,-28.80000000000041
798,0.0
799,-28.80000000000041
800,0.0
801,-28.799999999998363
802,0.0
803,-28.80000000000041
804,0.0
805,0.0
806,-28.80000000000041
807,-28.80000000000041
808,0.0
809,0.0
810,0.0
811,0.0
812,-28.80000000000041
813,0.0
814,0.0
815,-28.799999999998363
816,0.0
817,0.0
818,-28.80000000000041
819,0.0
820,-28.80000000000041
821,0.0
822,0.0
823,-28.80000000000041
824,-28.80000000000041
825,-28.80000000000041
826,-28.80000000000041
827,-28.80000000000041
828,-28.80000000000041
829,-28.80000000000041
830,-28.80000000000041
831,-28.80000000000041
832,0.0
833,-28.80000000000041
834,0.0
835,0.0
836,0.0
837,-28.799999999998363
838,0.0
839,-28.80000000000041
840,0.0
841,0.0
842,-28.80000000000041
843,0.0
844,-28.80000000000041
845,0.0
846,0.0
847,0.0
848,-28.80000000000041
849,0.0
850,-28.799999999998363
851,-28.80000000000041
852,0.0
853,-28.80000000000041
854,-28.80000000000041
855,-28.80000000000041
856,-28.799999999998363
857,0.0
858,0.0
859,-28.80000000000041
860,0.0
861,-28.80000000000041
862,-28.80000000000041
863,0.0
864,0.0
865,0.0
866,0.0
867,-28.80000000000041
868,-28.799999999998363
869,0.0
870,0.0
871,0.0
872,-28.80000000000041
873,0.0
874,-28.80000000000041
875,-28.80000000000041
876,0.0
877,0.0
878,0.0
879,-28.80000000000041
880,-28.799999999998363
881,0.0
882,0.0
883,-28.80000000000041
884,0.0
885,0.0
886,-28.80000000000041
887,0.0
888,-28.80000000000041
889,0.0
890,0.0
891,0.0
892,-28.80000000000041
893,0.0
894,0.0
895,-28.799999999998363
896,0.0
897,0.0
898,-28.80000000000041
899,0.0
900,-28.80000000000041
901,0.0
902,-28.80000000000041
903,0.0
904,0.0
905,0.0
906,-28.80000000000041
907,-28.799999999998363
908,0.0
909,0.0
910,0.0
911,0.0
912,0.0
913,0.0
914,0.0
915,0.0
916,-28.80000000000041
917,0.0
918,-28.80000000000041
919,-28.80000000000041
920,-28.80000000000041
921,0.0
922,0.0
923,0.0
924,-57.60000000000082
925,0.0
926,0.0
927,-57.59999999999877
928,0.0
929,0.0
930,0.0
931,0.0
932,-28.80000000000041
933,0.0
934,-28.80000000000041
935,-28.80000000000041
936,-28.80000000000041
937,0.0
938,-28.80000000000041
939,0.0
940,0.0
941,-28.799999999998363
942,-28.80000000000041
943,0.0
944,0.0
945,-28.80000000000041
946,-28.80000000000041
947,-28.80000000000041
948,-28.80000000000041
949,-28.80000000000041
950,0.0
951,-14.400000000000205
952,-28.80000000000041
953,0.0
954,-28.799999999998363
955,0.0
956,0.0
957,-28.80000000000041
958,0.0
959,-28.80000000000041
960,0.0
961,0.0
962,-28.80000000000041
963,0.0
964,-28.80000000000041
965,-28.799999999998363
966,-14.399999999999181
967,0.0
968,0.0
969,-28.799999999998363
970,0.0
971,-57.60000000000082
972,-28.80000000000041
973,0.0
974,0.0
975,-14.400000000000205
976,-28.80000000000041
977,0.0
978,-28.80000000000041
979,0.0
980,0.0
981,-28.799999999998363
982,0.0
983,0.0
984,-28.80000000000041
985,-28.80000000000041
986,0.0
987,0.0
988,0.0
989,-28.80000000000041
990,0.0
991,0.0
992,0.0
993,0.0
994,-28.80000000000041
995,0.0
996,-28.799999999998363
997,0.0
998,0.0
999,0.0
1000,-28.80000000000041
1001,0.0
1002,0.0
1003,-28.80000000000041
1004,0.0
1005,-28.80000000000041
1006,0.0
1007,-28.80000000000041
1008,0.0
1009,0.0
1010,-28.799999999998363
1011,0.0
1012,0.0
1013,0.0
1014,-28.80000000000041
1015,0.0
1016,0.0
1017,-57.60000000000082
1018,0.0
1019,0.0
1020,-14.400000000000205
1021,-28.80000000000041
1022,0.0
1023,0.0
1024,-28.80000000000041
1025,0.0
1026,-28.799999999998363
1027,0.0
1028,-28.80000000000041
1029,0.0
1030,0.0
1031,-28.80000000000041
1032,0.0
1033,0.0
1034,0.0
1035,0.0
1036,-28.80000000000041
1037,-28.80000000000041
1038,-28.80000000000041
1039,0.0
1040,0.0
1041,-28.80000000000041
1042,0.0
1043,-28.799999999998363
1044,0.0
1045,0.0
1046,-28.80000000000041
1047,0.0
1048,0.0
1049,0.0
1050,-28.80000000000041
1051,0.0
1052,0.0
1053,0.0
1054,0.0
1055,-28.80000000000041
1056,0.0
1057,-28.80000000000041
1058,0.0
1059,0.0
1060,0.0
1061,-28.799999999998363
1062,-28.80000000000041
1063,0.0
1064,0.0
1065,0.0
1066,-28.80000000000041
1067,0.0
1068,0.0
1069,-28.80000000000041
1070,0.0
1071,-28.80000000000041
1072,0.0
1073,0.0
1074,0.0
1075,0.0
1076,-28.799999999998363
1077,0.0
1078,-28.80000000000041
1079,0.0
1080,0.0
1081,-115.19999999999959
1082,-115.20000000000164
1083,0.0
1084,-28.799999999998363
1085,-28.80000000000041
1086,0.0
1087,-28.80000000000041
1088,-28.80000000000041
1089,-28.80000000000041
1090,0.0
1091,0.0
1092,0.0
1093,0.0
1094,0.0
1095,-28.80000000000041
1096,0.0
1097,-28.80000000000041
1098,0.0
1099,0.0
1100,-28.799999999998363
1101,0.0
1102,0.0
1103,0.0
1104,0.0
1105,-28.80000000000041
1106,0.0
1107,0.0
1108,0.0
1109,-28.80000000000041
1110,0.0
1111,-28.80000000000041
1112,0.0
1113,0.0
1114,0.0
1115,-28.80000000000041
1116,0.0
1117,-28.799999999998363
1118,0.0
1119,-28.80000000000041
1120,0.0
1121,0.0
1122,-28.80000000000041
1123,0.0
1124,0.0
1125,-28.80000000000041
1126,0.0
1127,0.0
1128,0.0
1129,0.0
1130,0.0
1131,0.0
1132,0.0
1133,0.0
1134,0.0
1135,0.0
1136,-28.799999999998363
1137,0.0
1138,0.0
1139,-28.799999999998363
1140,-28.800000000002456
1141,-28.799999999998363
1142,-86.39999999999918
1143,-57.60000000000082
1144,-28.800000000002456
1145,-28.799999999998363
1146,-28.799999999998363
1147,0.0
1148,-28.800000000002456
1149,0.0
1150,-28.799999999998363
1151,-28.800000000002456
1152,0.0
1153,0.0
1154,0.0
1155,-28.799999999998363
1156,0.0
1157,0.0
1158,-28.799999999998363
1159,0.0
1160,0.0
1161,-28.800000000002456
1162,0.0
1163,0.0
1164,-28.799999999998363
1165,0.0
1166,0.0
1167,-28.800000000002456
1168,-28.799999999998363
1169,0.0
1170,0.0
1171,-28.80000000000041
1172,0.0
1173,0.0
1174,-28.80000000000041
1175,0.0
1176,0.0
1177,-28.799999999998363
1178,0.0
1179,-28.80000000000041
1180,0.0
1181,-28.80000000000041
1182,0.0
1183,-28.80000000000041
1184,0.0
1185,0.0
1186,0.0
1187,0.0
1188,-28.80000000000041
1189,0.0
1190,0.0
1191,0.0
1192,-28.799999999998363
1193,0.0
1194,0.0
1195,-28.80000000000041
1196,0.0
1197,0.0
1198,-28.80000000000041
1199,0.0
1200,-28.80000000000041
1201,0.0
1202,-28.80000000000041
1203,0.0
1204,-28.799999999998363
1205,-28.799999999998363
1206,-28.799999999998363
1207,0.0
1208,0.0
1209,-28.80000000000041
1210,-28.80000000000041
1211,0.0
1212,0.0
1213,-28.80000000000041
1214,0.0
1215,0.0
1216,-28.80000000000041
1217,0.0
1218,0.0
1219,-28.799999999998363
1220,0.0
1221,-28.80000000000041
1222,0.0
1223,0.0
1224,0.0
1225,0.0
1226,-28.80000000000041
1227,0.0
1228,0.0
1229,0.0
1230,-28.80000000000041
1231,0.0
1232,-28.80000000000041
1233,0.0
1234,-28.799999999998363
1235,0.0
1236,0.0
1237,-28.80000000000041
1238,0.0
1239,0.0
1240,-28.80000000000041
1241,0.0
1242,0.0
1243,0.0
1244,0.0
1245,-28.80000000000041
1246,0.0
1247,-28.80000000000041
1248,0.0
1249,-28.799999999998363
1250,0.0
1251,-28.80000000000041
1252,0.0
1253,-28.80000000000041
1254,0.0
1255,0.0
1256,0.0
1257,0.0
1258,-28.80000000000041
1259,-28.80000000000041
1260,0.0
1261,0.0
1262,0.0
1263,0.0
1264,-28.799999999998363
1265,0.0
1266,-28.80000000000041
1267,-28.80000000000041
1268,0.0
1269,0.0
1270,-28.80000000000041
1271,0.0
1272,-28.80000000000041
1273,0.0
1274,-28.799999999998363
1275,0.0
1276,0.0
1277,0.0
1278,-28.80000000000041
1279,0.0
1280,0.0
1281,0.0
1282,-28.80000000000041
1283,0.0
1284,-28.80000000000041
1285,-28.80000000000041
1286,-28.80000000000041
1287,0.0
1288,-28.80000000000041
1289,-28.799999999998363
1290,0.0
1291,-28.80000000000041
1292,0.0
1293,0.0
1294,-28.80000000000041
1295,-28.80000000000041
1296,0.0
1297,-28.80000000000041
1298,-28.80000000000041
1299,-28.80000000000041
1300,0.0
1301,0.0
1302,0.0
1303,0.0
1304,0.0
1305,-28.799999999998363
1306,-28.80000000000041
1307,0.0
1308,-28.80000000000041
1309,0.0
1310,0.0
1311,0.0
1312,0.0
1313,-28.80000000000041
1314,0.0
1315,-28.80000000000041
1316,-28.799999999998363
1317,-28.80000000000041
1318,0.0
1319,0.0
1320,0.0
1321,0.0
1322,-28.80000000000041
1323,0.0
1324,-28.80000000000041
1325,0.0
1326,0.0
1327,0.0
1328,0.0
1329,-28.80000000000041
1330,0.0
1331,-28.799999999998363
1332,0.0
1333,0.0
1334,-28.80000000000041
1335,0.0
1336,0.0
1337,0.0
1338,-28.80000000000041
1339,-28.80000000000041
1340,-28.80000000000041
1341,0.0
1342,0.0
1343,-28.799999999998363
1344,-28.799999999998363
1345,-28.799999999998363
1346,0.0
1347,-28.80000000000041
1348,-28.80000000000041
1349,0.0
1350,0.0
1351,0.0
1352,-28.80000000000041
1353,0.0
1354,0.0
1355,-28.80000000000041
1356,0.0
1357,0.0
1358,0.0
1359,-28.799999999998363
1360,-28.80000000000041
1361,0.0
1362,0.0
1363,0.0
1364,-28.80000000000041
1365,0.0
1366,0.0
1367,-28.80000000000041
1368,0.0
1369,-28.80000000000041
1370,0.0
1371,-28.799999999998363
1372,0.0
1373,0.0
1374,-28.80000000000041
1375,0.0
1376,0.0
1377,0.0
1378,-28.80000000000041
1379,0.0
1380,0.0
1381,-28.80000000000041
1382,0.0
1383,-28.80000000000041
1384,0.0
1385,0.0
1386,0.0
1387,0.0
1388,-28.799999999998363
1389,-28.80000000000041
1390,0.0
1391,0.0
1392,-28.80000000000041
1393,-28.80000000000041
1394,-28.80000000000041
1395,-28.80000000000041
1396,0.0
1397,0.0
1398,0.0
1399,-28.80000000000041
1400,0.0
1401,0.0
1402,0.0
1403,0.0
1404,0.0
1405,0.0
1406,0.0
1407,0.0
1408,-28.799999999998363
1409,0.0
1410,-28.80000000000041
1411,0.0
1412,0.0
1413,-28.80000000000041
1414,0.0
1415,0.0
1416,-28.80000000000041
1417,0.0
1418,-28.80000000000041
1419,0.0
1420,0.0
1421,-28.799999999998363
1422,0.0
1423,0.0
1424,0.0
1425,0.0
1426,-28.80000000000041
1427,0.0
1428,0.0
1429,-28.80000000000041
1430,0.0
1431,-28.80000000000041
1432,0.0
1433,0.0
1434,-28.80000000000041
1435,0.0
1436,-28.799999999998363
1437,0.0
1438,0.0
1439,-28.80000000000041
1440,0.0
1441,-28.80000000000041
1442,0.0
1443,0.0
1444,-28.80000000000041
1445,-28.80000000000041
1446,-28.80000000000041
1447,-28.80000000000041
1448,0.0
1449,0.0
1450,-28.799999999998363
1451,0.0
1452,-28.80000000000041
1453,0.0
1454,0.0
1455,-28.80000000000041
1456,0.0
1457,0.0
1458,-28.80000000000041
1459,-28.80000000000041
1460,-28.799999999998363
1461,0.0
1462,0.0
1463,0.0
1464,-28.80000000000041
1465,0.0
1466,-28.80000000000041
1467,-28.80000000000041
1468,0.0
1469,0.0
1470,0.0
1471,-28.80000000000041
1472,0.0
1473,-28.799999999998363
1474,0.0
1475,-28.80000000000041
1476,-28.80000000000041
1477,-28.80000000000041
1478,0.0
1479,-28.80000000000041
1480,0.0
1481,-28.80000000000041
1482,0.0
1483,-28.80000000000041
1484,0.0
1485,-28.799999999998363
1486,0.0
1487,0.0
1488,-28.80000000000041
1489,-28.80000000000041
1490,-28.80000000000041
1491,-28.80000000000041
1492,-28.80000000000041
1493,0.0
1494,-57.60000000000082
1495,0.0
1496,0.0
1497,0.0
1498,-28.80000000000041
1499,0.0
1500,0.0
1501,0.0
1502,-28.799999999998363
1503,-28.80000000000041
1504,0.0
1505,-28.80000000000041
1506,0.0
1507,-28.80000000000041
1508,-14.400000000000205
1509,0.0
1510,-28.80000000000041
1511,-28.80000000000041
1512,-28.799999999998363
1513,0.0
1514,-14.399999999999181
1515,-28.799999999998363
1516,0.0
1517,-28.80000000000041
1518,0.0
1519,-28.80000000000041
1520,0.0
1521,-28.80000000000041
1522,0.0
1523,0.0
1524,0.0
1525,0.0
1526,-28.80000000000041
1527,0.0
1528,-57.59999999999877
1529,-43.19999999999959
1530,-28.80000000000041
1531,-28.80000000000041
1532,-28.80000000000041
1533,-28.80000000000041
1534,0.0
1535,-28.80000000000041
1536,0.0
1537,-28.80000000000041
1538,-28.80000000000041
1539,-28.80000000000041
1540,-28.799999999998363
1541,0.0
1542,-57.60000000000082
1543,-43.200000000000614
1544,-28.80000000000041
1545,0.0
1546,0.0
1547,-28.80000000000041
1548,0.0
1549,-28.80000000000041
1550,0.0
1551,0.0
1552,-28.799999999998363
1553,-28.80000000000041
1554,0.0
1555,0.0
1556,-14.400000000000205
1557,-28.80000000000041
1558,0.0
1559,-28.80000000000041
1560,0.0
1561,-28.80000000000041
1562,-28.80000000000041
1563,0.0
1564,-28.799999999998363
1565,-28.799999999998363
1566,-28.799999999998363
1567,0.0
1568,-28.80000000000041
1569,0.0
1570,-28.80000000000041
1571,0.0
1572,-28.80000000000041
1573,0.0
1574,0.0
1575,-28.80000000000041
1576,0.0
1577,0.0
1578,-28.799999999998363
1579,0.0
1580,-28.80000000000041
1581,0.0
1582,0.0
1583,-28.80000000000041
1584,0.0
1585,-28.80000000000041
1586,0.0
1587,-28.80000000000041
1588,0.0
1589,-28.799999999998363
1590,0.0
1591,-28.80000000000041
1592,0.0
1593,-28.80000000000041
1594,-28.80000000000041
1595,-28.80000000000041
1596,0.0
1597,0.0
1598,-28.80000000000041
1599,0.0
1600,-28.80000000000041
1601,-28.799999999998363
1602,0.0
1603,-28.80000000000041
1604,-28.80000000000041
1605,-28.80000000000041
1606,-28.80000000000041
1607,0.0
1608,-28.80000000000041
1609,0.0
1610,-28.80000000000041
1611,0.0
1612,-28.799999999998363
1613,0.0
1614,0.0
1615,-28.80000000000041
1616,-28.80000000000041
1617,-28.80000000000041
1618,0.0
1619,-28.80000000000041
1620,0.0
1621,-28.80000000000041
1622,0.0
1623,0.0
1624,-28.80000000000041
1625,0.0
1626,-28.799999999998363
1627,0.0
1628,0.0
1629,-28.80000000000041
1630,0.0
1631,0.0
1632,0.0
1633,-28.80000000000041
1634,-28.80000000000041
1635,0.0
1636,0.0
1637,-28.80000000000041
1638,-28.799999999998363
1639,0.0
1640,0.0
1641,0.0
1642,-28.80000000000041
1643,0.0
1644,-28.80000000000041
1645,0.0
1646,0.0
1647,-28.80000000000041
1648,-28.80000000000041
1649,0.0
1650,0.0
1651,-28.799999999998363
1652,0.0
1653,-28.80000000000041
1654,0.0
1655,0.0
1656,-28.80000000000041
1657,0.0
1658,0.0
1659,0.0
1660,-28.80000000000041
1661,0.0
1662,0.0
1663,-28.80000000000041
1664,-28.799999999998363
1665,0.0
1666,0.0
1667,0.0
1668,0.0
1669,0.0
1670,-28.80000000000041
1671,0.0
1672,-28.80000000000041
1673,0.0
1674,-28.80000000000041
1675,0.0
1676,0.0
1677,0.0
1678,-28.80000000000041
1679,-28.799999999998363
1680,0.0
1681,0.0
1682,-28.80000000000041
1683,0.0
1684,0.0
1685,-28.80000000000041
1686,0.0
1687,0.0
1688,0.0
1689,0.0
1690,0.0
1691,0.0
1692,0.0
1693,0.0
1694,0.0
1695,0.0
1696,-28.799999999998363
1697,0.0
1698,0.0
1699,-28.80000000000041
1700,0.0
1701,0.0
1702,0.0
1703,-28.80000000000041
1704,0.0
1705,-28.80000000000041
1706,0.0
1707,-28.80000000000041
1708,0.0
1709,0.0
1710,-28.799999999998363
1711,-28.80000000000041
1712,0.0
1713,0.0
1714,0.0
1715,0.0
1716,-28.80000000000041
1717,0.0
1718,-28.80000000000041
1719,0.0
1720,-28.80000000000041
1721,-28.799999999998363
1722,-28.799999999998363
1723,-28.799999999998363
1724,0.0
1725,-28.80000000000041
1726,0.0
1727,-28.80000000000041
1728,0.0
1729,-28.80000000000041
1730,0.0
1731,0.0
1732,-28.80000000000041
1733,-28.799999999998363
1734,0.0
1735,-28.80000000000041
1736,0.0
1737,0.0
1738,-28.80000000000041
1739,0.0
1740,0.0
1741,0.0
1742,-28.80000000000041
1743,0.0
1744,-28.80000000000041
1745,0.0
1746,0.0
1747,0.0
1748,-28.799999999998363
1749,0.0
1750,-28.80000000000041
1751,0.0
1752,-28.80000000000041
1753,-28.80000000000041
1754,0.0
1755,0.0
1756,0.0
1757,-28.80000000000041
1758,0.0
1759,-28.799999999998363
1760,0.0
1761,-28.80000000000041
1762,0.0
1763,0.0
1764,0.0
1765,0.0
1766,-28.80000000000041
1767,0.0
1768,0.0
1769,-28.80000000000041
1770,0.0
1771,-28.80000000000041
1772,0.0
1773,-28.799999999998363
1774,0.0
1775,-28.80000000000041
1776,0.0
1777,0.0
1778,0.0
1779,-28.80000000000041
1780,-28.80000000000041
1781,0.0
1782,0.0
1783,-28.80000000000041
1784,-28.799999999998363
1785,-28.80000000000041
1786,-28.80000000000041
1787,-28.80000000000041
1788,-43.200000000000614
1789,-57.60000000000082
1790,-46.08000000000065
1791,-34.56000000000049
1792,-23.040000000000333
1793,-11.520000000000167
1794,0.0
1795,0.0
1796,-28.80000000000041
1797,0.0
1798,0.0
1799,0.0
1800,0.0
1801,-28.80000000000041
1802,-28.80000000000041
1803,0.0
1804,-28.80000000000041
1805,0.0
1806,-28.799999999998363
1807,-28.80000000000041
1808,0.0
1809,-28.80000000000041
1810,0.0
1811,-28.80000000000041
1812,0.0
1813,-14.400000000000205
1814,-28.80000000000041
1815,0.0
1816,-28.80000000000041
1817,0.0
1818,0.0
1819,0.0
1820,-28.799999999998363
1821,0.0
1822,-28.80000000000041
1823,0.0
1824,-28.80000000000041
1825,0.0
1826,0.0
1827,-28.80000000000041
1828,0.0
1829,-28.80000000000041
1830,0.0
1831,-28.799999999998363
1832,0.0
1833,-28.80000000000041
1834,0.0
1835,0.0
1836,-28.80000000000041
1837,0.0
1838,-28.80000000000041
1839,0.0
1840,-28.80000000000041
1841,0.0
1842,-28.799999999998363
1843,0.0
1844,-28.80000000000041
1845,-28.80000000000041
1846,0.0
1847,-28.80000000000041
1848,0.0
1849,-28.80000000000041
1850,0.0
1851,0.0
1852,-28.799999999998363
1853,0.0
1854,0.0
1855,0.0
1856,-28.80000000000041
1857,-28.80000000000041
1858,0.0
1859,-28.80000000000041
1860,0.0
1861,0.0
1862,-28.80000000000041
1863,0.0
1864,-28.799999999998363
1865,0.0
1866,-28.80000000000041
1867,0.0
1868,-28.80000000000041
1869,0.0
1870,-28.80000000000041
1871,-28.80000000000041
1872,0.0
1873,0.0
1874,-57.59999999999877
1875,0.0
1876,0.0
1877,-28.80000000000041
1878,0.0
1879,-28.80000000000041
1880,0.0
1881,-28.80000000000041
1882,0.0
1883,-28.799999999998363
1884,-28.799999999998363
1885,-28.799999999998363
1886,-28.80000000000041
1887,0.0
1888,-28.80000000000041
1889,0.0
1890,-28.80000000000041
1891,0.0
1892,-28.80000000000041
1893,0.0
1894,0.0
1895,-28.799999999998363
1896,0.0
1897,-28.80000000000041
1898,0.0
1899,0.0
1900,-28.80000000000041
1901,-28.80000000000041
1902,0.0
1903,0.0
1904,-28.80000000000041
1905,0.0
1906,-28.799999999998363
1907,0.0
1908,0.0
1909,-28.80000000000041
1910,-28.80000000000041
1911,0.0
1912,-28.80000000000041
1913,0.0
1914,-28.80000000000041
1915,0.0
1916,0.0
1917,-28.799999999998363
1918,0.0
1919,-57.60000000000082
1920,0.0
1921,0.0
1922,0.0
1923,-28.80000000000041
1924,0.0
1925,-28.80000000000041
1926,-28.799999999998363
1927,-28.80000000000041
1928,0.0
1929,0.0
1930,0.0
1931,-28.80000000000041
1932,0.0
1933,-28.80000000000041
1934,0.0
1935,-28.80000000000041
1936,0.0
1937,-28.799999999998363
1938,0.0
1939,0.0
1940,0.0
1941,-28.80000000000041
1942,0.0
1943,-28.80000000000041
1944,0.0
1945,0.0
1946,-28.80000000000041
1947,-28.80000000000041
1948,0.0
1949,0.0
1950,-28.799999999998363
1951,0.0
1952,-28.80000000000041
1953,0.0
1954,0.0
1955,-28.80000000000041
1956,-28.80000000000041
1957,0.0
1958,-28.80000000000041
1959,0.0
1960,-28.799999999998363
1961,0.0
1962,-28.80000000000041
1963,0.0
1964,-28.80000000000041
1965,0.0
1966,-28.80000000000041
1967,0.0
1968,-28.80000000000041
1969,0.0
1970,0.0
1971,0.0
1972,-28.799999999998363
1973,0.0
1974,-28.80000000000041
1975,0.0
1976,-28.80000000000041
1977,0.0
1978,-28.80000000000041
1979,0.0
1980,0.0
1981,-28.80000000000041
1982,-28.799999999998363
1983,0.0
1984,-28.80000000000041
1985,-28.80000000000041
1986,-28.80000000000041
1987,-28.80000000000041
1988,-28.80000000000041
1989,-28.80000000000041
1990,-28.799999999998363
1991,-28.799999999998363
1992,-28.799999999998363
1993,-28.80000000000041
1994,-28.80000000000041
1995,0.0
1996,0.0
1997,-28.80000000000041
1998,-28.80000000000041
1999,-28.799999999998363
2000,0.0
2001,0.0
2002,0.0
2003,-28.80000000000041
2004,0.0
2005,-28.80000000000041
2006,0.0
2007,0.0
2008,-28.80000000000041
2009,0.0
2010,-28.80000000000041
2011,-28.799999999998363
2012,0.0
2013,-28.80000000000041
2014,-28.80000000000041
2015,0.0
2016,0.0
2017,-28.80000000000041
2018,0.0
2019,0.0
2020,-28.80000000000041
2021,-28.799999999998363
2022,0.0
2023,-28.80000000000041
2024,0.0
2025,0.0
2026,-28.80000000000041
2027,0.0
2028,-28.80000000000041
2029,0.0
2030,0.0
2031,0.0
2032,0.0
2033,0.0
2034,0.0
2035,0.0
2036,0.0
2037,0.0
2038,0.0
2039,0.0
2040,0.0
2041,0.0
2042,0.0
2043,0.0
2044,-28.799999999998363
2045,0.0
2046,-28.800000000002456
2047,0.0
2048,0.0
2049,0.0
2050,-28.799999999998363
2051,0.0
2052,0.0
2053,0.0
2054,-28.799999999998363
2055,-28.800000000002456
2056,-28.799999999998363
2057,0.0
2058,0.0
2059,0.0
2060,-28.800000000002456
2061,-28.799999999998363
2062,0.0
2063,0.0
2064,-28.799999999998363
2065,0.0
2066,-28.800000000002456
2067,0.0
2068,0.0
2069,-28.799999999998363
2070,-28.800000000002456
2071,0.0
2072,-28.799999999998363
2073,-28.799999999998363
2074,-28.799999999998363
2075,0.0
2076,-28.799999999998363
2077,0.0
2078,-28.800000000002456
2079,-28.799999999998363
2080,0.0
2081,-57.60000000000082
2082,0.0
2083,0.0
2084,0.0
2085,0.0
2086,-28.799999999998363
2087,0.0
2088,-28.800000000002456
2089,0.0
2090,0.0
2091,0.0
2092,-28.799999999998363
2093,0.0
2094,-28.800000000002456
2095,-28.799999999998363
2096,0.0
2097,-28.799999999998363
2098,0.0
2099,-28.800000000002456
2100,0.0
2101,-28.799999999998363
2102,0.0
2103,0.0
2104,-28.800000000002456
2105,0.0
2106,0.0
2107,-28.799999999998363
2108,-28.799999999998363
2109,0.0
2110,-28.800000000002456
2111,0.0
2112,-28.799999999998363
2113,-28.800000000002456
2114,0.0
2115,0.0
2116,0.0
2117,0.0
2118,-28.799999999998363
2119,0.0
2120,-28.80000000000041
2121,-28.80000000000041
2122,0.0
2123,-28.799999999998363
2124,0.0
2125,-28.80000000000041
2126,0.0
2127,0.0
2128,-28.80000000000041
2129,0.0
2130,-28.80000000000041
2131,0.0
2132,-28.80000000000041
2133,-28.799999999998363
2134,0.0
2135,0.0
2136,0.0
2137,-28.80000000000041
2138,-28.80000000000041
2139,0.0
2140,0.0
2141,0.0
2142,-28.80000000000041
2143,0.0
2144,-57.59999999999877
2145,0.0
2146,-28.80000000000041
2147,-28.80000000000041
2148,-28.80000000000041
2149,-28.80000000000041
2150,0.0
2151,-28.80000000000041
2152,0.0
2153,-28.80000000000041
2154,0.0
2155,0.0
2156,-28.799999999998363
2157,-28.80000000000041
2158,0.0
2159,0.0
2160,-28.80000000000041
2161,0.0
2162,-28.80000000000041
2163,0.0
2164,-28.80000000000041
2165,-28.799999999998363
2166,-28.80000000000041
2167,-28.80000000000041
2168,-28.80000000000041
2169,0.0
2170,-28.80000000000041
2171,-28.80000000000041
2172,-28.80000000000041
2173,-28.80000000000041
2174,0.0
2175,-28.80000000000041
2176,-28.80000000000041
2177,-28.80000000000041
2178,-28.799999999998363
2179,0.0
2180,-28.80000000000041
2181,0.0
2182,0.0
2183,-28.80000000000041
2184,0.0
2185,-28.80000000000041
2186,-28.80000000000041
2187,0.0
2188,-28.799999999998363
2189,-28.80000000000041
2190,0.0
2191,0.0
2192,-28.80000000000041
2193,-28.80000000000041
2194,-28.80000000000041
2195,-28.80000000000041
2196,0.0
2197,0.0
2198,-28.80000000000041
2199,0.0
2200,-28.799999999998363
2201,0.0
2202,-28.80000000000041
2203,-28.80000000000041
2204,-28.80000000000041
2205,-28.80000000000041
2206,0.0
2207,-28.80000000000041
2208,-28.80000000000041
2209,0.0
2210,0.0
2211,-28.799999999998363
2212,0.0
2213,-28.80000000000041
2214,0.0
2215,0.0
2216,-28.80000000000041
2217,0.0
2218,0.0
2219,-57.60000000000082
2220,0.0
2221,0.0
2222,0.0
2223,0.0
2224,-28.799999999998363
2225,0.0
2226,-28.80000000000041
2227,0.0
2228,-28.80000000000041
2229,-28.80000000000041
2230,0.0
2231,0.0
2232,-28.80000000000041
2233,0.0
2234,0.0
2235,0.0
2236,-28.799999999998363
2237,-28.80000000000041
2238,-28.80000000000041
2239,-28.80000000000041
2240,0.0
2241,-28.80000000000041
2242,-28.80000000000041
2243,0.0
2244,-28.80000000000041
2245,0.0
2246,0.0
2247,-28.799999999998363
2248,0.0
2249,0.0
2250,-28.80000000000041
2251,0.0
2252,-28.80000000000041
2253,0.0
2254,-28.80000000000041
2255,0.0
2256,-28.80000000000041
2257,0.0
2258,-28.799999999998363
2259,0.0
2260,0.0
2261,0.0
2262,-28.80000000000041
2263,-28.80000000000041
2264,0.0
2265,0.0
2266,-28.80000000000041
2267,0.0
2268,-28.80000000000041
2269,-28.799999999998363
2270,0.0
2271,0.0
2272,-28.80000000000041
2273,-28.80000000000041
2274,0.0
2275,0.0
2276,0.0
2277,0.0
2278,-57.60000000000082
2279,0.0
2280,0.0
2281,0.0
2282,-28.799999999998363
2283,0.0
2284,-28.80000000000041
2285,0.0
2286,-28.80000000000041
2287,0.0
2288,-28.80000000000041
2289,0.0
2290,-28.80000000000041
2291,-28.799999999998363
2292,0.0
2293,-14.399999999999181
2294,-28.799999999998363
2295,0.0
2296,-28.80000000000041
2297,-28.80000000000041
2298,0.0
2299,-28.80000000000041
2300,0.0
2301,-28.80000000000041
2302,0.0
2303,-28.799999999998363
2304,0.0
2305,-2.2153846153844894
2306,-4.430769230768979
2307,-6.646153846153468
2308,-8.861538461537958
2309,-11.076923076922448
2310,-13.292307692306936
2311,-15.507692307691425
2312,-17.723076923075915
2313,-19.938461538460405
2314,-22.153846153844896
2315,-24.369230769229382
2316,-26.584615384613873
2317,-28.799999999998363
2318,0.0
2319,0.0
2320,-28.800000000002456
2321,0.0
2322,-28.799999999998363
2323,-28.799999999998363
2324,-28.799999999998363
2325,-28.799999999998363
2326,-28.800000000002456
2327,-28.799999999998363
2328,0.0
2329,-28.800000000002456
2330,-28.799999999998363
2331,0.0
2332,-28.799999999998363
2333,0.0
2334,-28.800000000002456
2335,-14.400000000001228
2336,0.0
2337,0.0
2338,-28.800000000002456
2339,-28.799999999998363
2340,-28.800000000002456
2341,0.0
2342,0.0
2343,0.0
2344,-28.799999999998363
2345,-28.799999999998363
2346,-28.800000000002456
2347,0.0
2348,-28.799999999998363
2349,0.0
2350,0.0
2351,0.0
2352,-28.800000000002456
2353,0.0
2354,-28.799999999998363
2355,0.0
2356,-28.799999999998363
2357,0.0
2358,-28.800000000002456
2359,0.0
2360,-28.799999999998363
2361,0.0
2362,0.0
2363,-28.800000000002456
2364,0.0
2365,-28.799999999998363
2366,0.0
2367,-28.799999999998363
2368,0.0
2369,0.0
2370,-28.800000000002456
2371,0.0
2372,-28.799999999998363
2373,0.0
2374,0.0
2375,-28.800000000002456
2376,-28.799999999998363
2377,-28.799999999998363
2378,0.0
2379,0.0
2380,-28.800000000002456
2381,-28.799999999998363
2382,0.0
2383,0.0
2384,-28.800000000002456
2385,0.0
2386,-28.799999999998363
2387,0.0
2388,-28.799999999998363
2389,-28.800000000002456
2390,0.0
2391,0.0
2392,-28.799999999998363
2393,0.0
2394,-28.800000000002456
2395,0.0
2396,0.0
2397,0.0
2398,-28.799999999998363
2399,-28.799999999998363
2400,-28.800000000002456
2401,0.0
2402,0.0
2403,-28.799999999998363
2404,0.0
2405,-28.800000000002456
2406,0.0
2407,0.0
2408,0.0
2409,-28.799999999998363
2410,0.0
2411,0.0
2412,-28.799999999998363
2413,-28.800000000002456
2414,-28.799999999998363
2415,0.0
2416,0.0
2417,-28.800000000002456
2418,0.0
2419,-28.799999999998363
2420,0.0
2421,-28.799999999998363
2422,0.0
2423,0.0
2424,-28.800000000002456
2425,0.0
2426,-28.799999999998363
2427,0.0
2428,-28.800000000002456
2429,0.0
2430,0.0
2431,0.0
2432,0.0
2433,-28.799999999998363
2434,0.0
2435,-57.60000000000082
2436,-43.20000000000164
2437,-28.800000000002456
2438,-28.799999999998363
2439,-28.800000000002456
2440,-28.799999999998363
2441,-28.799999999998363
2442,-28.799999999998363
2443,-14.399999999999181
2444,0.0
2445,-28.799999999998363
2446,-28.799999999998363
2447,0.0
2448,-28.800000000002456
2449,0.0
2450,0.0
2451,-28.799999999998363
2452,0.0
2453,-28.800000000002456
2454,0.0
2455,-28.799999999998363
2456,0.0
2457,-28.799999999998363
2458,0.0
2459,-28.800000000002456
2460,0.0
2461,0.0
2462,-28.799999999998363
2463,0.0
2464,-28.800000000002456
2465,0.0
2466,-28.799999999998363
2467,0.0
2468,0.0
2469,0.0
2470,0.0
2471,-28.80000000000041
2472,0.0
2473,-28.80000000000041
2474,0.0
2475,-28.799999999998363
2476,0.0
2477,0.0
2478,-28.80000000000041
2479,0.0
2480,0.0
2481,-28.80000000000041
2482,0.0
2483,-28.80000000000041
2484,0.0
2485,-57.59999999999877
2486,0.0
2487,0.0
2488,-28.80000000000041
2489,0.0
2490,0.0
2491,-28.80000000000041
2492,0.0
2493,0.0
2494,0.0
2495,-57.60000000000082
2496,0.0
2497,0.0
2498,0.0
2499,0.0
2500,-28.799999999998363
2501,-28.80000000000041
2502,0.0
2503,0.0
2504,0.0
2505,-28.80000000000041
2506,0.0
2507,-28.80000000000041
2508,0.0
2509,-28.80000000000041
2510,-28.799999999998363
2511,-28.799999999998363
2512,-28.799999999998363
2513,0.0
2514,0.0
2515,-28.80000000000041
2516,0.0
2517,-28.80000000000041
2518,0.0
2519,0.0
2520,-28.80000000000041
2521,-28.80000000000041
2522,-43.19999999999959
2523,-57.59999999999877
2524,0.0
2525,0.0
2526,-28.80000000000041
2527,0.0
2528,-28.80000000000041
2529,-28.80000000000041
2530,-28.80000000000041
2531,-28.80000000000041
2532,-28.80000000000041
2533,0.0
2534,0.0
2535,-28.799999999998363
2536,0.0
2537,-28.80000000000041
2538,-28.80000000000041
2539,0.0
2540,0.0
2541,-28.80000000000041
2542,0.0
2543,0.0
2544,-28.80000000000041
2545,0.0
2546,0.0
2547,-28.799999999998363
2548,0.0
2549,0.0
2550,-28.80000000000041
2551,-28.80000000000041
2552,0.0
2553,0.0
2554,-28.80000000000041
2555,-28.80000000000041
2556,0.0
2557,-28.799999999998363
2558,0.0
2559,-28.80000000000041
2560,0.0
2561,-28.80000000000041
2562,0.0
2563,-28.80000000000041
2564,0.0
2565,-28.80000000000041
2566,-28.799999999998363
2567,0.0
2568,0.0
2569,-28.80000000000041
2570,0.0
2571,0.0
2572,-28.80000000000041
2573,-28.80000000000041
2574,0.0
2575,-28.80000000000041
2576,0.0
2577,-28.799999999998363
2578,0.0
2579,-28.80000000000041
2580,-28.80000000000041
2581,0.0
2582,0.0
2583,-28.80000000000041
2584,0.0
2585,-28.80000000000041
2586,0.0
2587,-28.799999999998363
2588,0.0
2589,-28.80000000000041
2590,-28.80000000000041
2591,0.0
2592,0.0
2593,0.0
2594,0.0
2595,0.0
2596,0.0
2597,0.0
2598,0.0
2599,-28.799999999998363
2600,0.0
2601,-28.800000000002456
2602,-28.799999999998363
2603,0.0
2604,-28.800000000002456
2605,0.0
2606,-28.799999999998363
2607,0.0
2608,0.0
2609,-28.799999999998363
2610,-28.800000000002456
2611,-28.799999999998363
2612,0.0
2613,-28.800000000002456
2614,0.0
2615,-28.799999999998363
2616,0.0
2617,-28.799999999998363
2618,-28.800000000002456
2619,-28.800000000002456
2620,-28.800000000002456
2621,0.0
2622,-28.799999999998363
2623,0.0
2624,-28.800000000002456
2625,0.0
2626,-28.799999999998363
2627,-28.799999999998363
2628,0.0
2629,0.0
2630,0.0
2631,-28.800000000002456
2632,0.0
2633,-28.799999999998363
2634,-28.800000000002456
2635,0.0
2636,-28.799999999998363
2637,0.0
2638,-28.80000000000041
2639,0.0
2640,-28.80000000000041
2641,0.0
2642,-28.799999999998363
2643,0.0
2644,-28.80000000000041
2645,0.0
2646,0.0
2647,-28.80000000000041
2648,0.0
2649,-57.60000000000082
2650,0.0
2651,-28.799999999998363
2652,0.0
2653,0.0
2654,0.0
2655,-28.80000000000041
2656,-28.80000000000041
2657,-23.040000000000326
2658,-17.280000000000246
2659,-11.520000000000167
2660,-5.760000000000083
2661,0.0
2662,0.0
2663,-28.800000000002456
2664,-57.599999999996726
2665,-28.800000000002456
2666,-14.400000000001228
2667,0.0
2668,-28.800000000002456
2669,-28.799999999998363
2670,-28.800000000002456
2671,-28.799999999998363
2672,0.0
2673,0.0
2674,0.0
2675,0.0
2676,0.0
2677,0.0
2678,-28.799999999998363
2679,0.0
2680,-28.800000000002456
2681,0.0
2682,-28.799999999998363
2683,-28.800000000002456
2684,0.0
2685,0.0
2686,0.0
2687,-28.799999999998363
2688,-28.799999999998363
2689,0.0
2690,-28.800000000002456
2691,0.0
2692,-28.799999999998363
2693,-28.800000000002456
2694,0.0
2695,0.0
2696,-28.799999999998363
2697,0.0
2698,0.0
2699,-57.60000000000082
2700,0.0
2701,0.0
2702,-28.799999999998363
2703,0.0
2704,-28.800000000002456
2705,0.0
2706,0.0
2707,0.0
2708,-28.799999999998363
2709,0.0
2710,0.0
2711,-28.799999999998363
2712,-28.800000000002456
2713,-28.799999999998363
2714,-28.800000000002456
2715,0.0
2716,0.0
2717,0.0
2718,-28.799999999998363
2719,0.0
2720,-28.80000000000041
2721,0.0
2722,-28.80000000000041
2723,0.0
2724,-28.799999999998363
2725,-28.80000000000041
2726,-28.80000000000041
2727,-28.80000000000041
2728,0.0
2729,-28.80000000000041
2730,0.0
2731,0.0
2732,-28.80000000000041
2733,0.0
2734,-28.80000000000041
2735,0.0
2736,-28.799999999998363
2737,0.0
2738,-28.80000000000041
2739,-28.80000000000041
2740,-57.60000000000082
2741,-28.799999999998363
2742,0.0
2743,-28.80000000000041
2744,0.0
2745,-28.80000000000041
2746,-28.80000000000041
2747,0.0
2748,-28.80000000000041
2749,0.0
2750,-28.799999999998363
2751,-14.399999999999181
2752,0.0
2753,0.0
2754,-57.59999999999877
2755,-71.99999999999898
2756,-86.39999999999918
2757,-86.39999999999918
2758,-43.19999999999959
2759,0.0
2760,0.0
2761,0.0
2762,0.0
2763,-28.80000000000041
2764,0.0
2765,-28.80000000000041
2766,0.0
2767,0.0
2768,-28.799999999998363
2769,-28.80000000000041
2770,-28.80000000000041
2771,0.0
2772,0.0
2773,-28.80000000000041
2774,0.0
2775,-28.80000000000041
2776,0.0
2777,0.0
2778,-28.799999999998363
2779,0.0
2780,0.0
2781,-28.80000000000041
2782,0.0
2783,-28.80000000000041
2784,0.0
2785,-28.80000000000041
2786,-28.80000000000041
2787,0.0
2788,0.0
2789,-28.799999999998363
2790,-28.80000000000041
2791,0.0
2792,0.0
2793,0.0
2794,0.0
2795,-28.80000000000041
2796,-28.80000000000041
2797,0.0
2798,0.0
2799,-28.80000000000041
2800,0.0
2801,-28.799999999998363
2802,0.0
2803,-28.80000000000041
2804,0.0
2805,-28.80000000000041
2806,0.0
2807,-28.80000000000041
2808,0.0
2809,-28.80000000000041
2810,0.0
2811,0.0
2812,0.0
2813,-57.59999999999877
2814,-43.19999999999959
2815,-28.80000000000041
2816,-28.80000000000041
2817,0.0
2818,-28.80000000000041
2819,0.0
2820,-28.80000000000041
2821,0.0
2822,-28.799999999998363
2823,0.0
2824,-28.80000000000041
2825,0.0
2826,-28.80000000000041
2827,0.0
2828,0.0
2829,0.0
2830,-28.80000000000041
2831,-28.80000000000041
2832,0.0
2833,0.0
2834,0.0
2835,0.0
2836,-115.19999999999959
2837,-28.80000000000041
2838,-28.80000000000041
2839,-28.80000000000041
2840,-28.80000000000041
2841,0.0
2842,-28.80000000000041
2843,0.0
2844,0.0
2845,-28.799999999998363
2846,0.0
2847,0.0
2848,-28.80000000000041
2849,-28.80000000000041
2850,-28.80000000000041
2851,0.0
2852,0.0
2853,0.0
2854,-28.80000000000041
2855,0.0
2856,0.0
2857,-28.799999999998363
2858,0.0
2859,-28.80000000000041
2860,-28.80000000000041
2861,-28.80000000000041
2862,-28.80000000000041
2863,-28.799999999998363
2864,-57.60000000000082
2865,-28.80000000000041
2866,-259.1999999999996
2867,-28.80000000000041
2868,0.0
2869,-28.80000000000041
2870,0.0
2871,-28.799999999998363
2872,-28.80000000000041
2873,0.0
2874,0.0
2875,-28.80000000000041
2876,-28.80000000000041
2877,0.0
2878,-28.80000000000041
2879,0.0
2880,0.0
2881,-28.799999999998363
2882,0.0
2883,0.0
2884,-28.80000000000041
2885,0.0
2886,-28.80000000000041
2887,-28.80000000000041
2888,-28.80000000000041
2889,0.0
2890,-28.799999999998363
2891,0.0
2892,-28.80000000000041
2893,-28.80000000000041
2894,0.0
2895,-28.80000000000041
2896,0.0
2897,-28.80000000000041
2898,-57.599999999999795
2899,-86.39999999999918
2900,-43.19999999999959
2901,0.0
2902,-28.80000000000041
2903,-25.600000000000364
2904,-22.40000000000032
2905,-19.200000000000273
2906,-16.000000000000227
2907,-12.800000000000182
2908,-9.600000000000136
2909,-6.400000000000091
2910,-3.2000000000000455
2911,0.0
2912,0.0
2913,0.0
2914,0.0
2915,-28.800000000002456
2916,-28.800000000002456
2917,-28.800000000002456
2918,-28.800000000002456
2919,-28.800000000002456
2920,-28.800000000002456
2921,0.0
2922,0.0
2923,-28.799999999998363
2924,0.0
2925,-28.799999999998363
2926,0.0
2927,0.0
2928,0.0
2929,-28.800000000002456
2930,0.0
2931,-28.799999999998363
2932,0.0
2933,-28.800000000002456
2934,0.0
2935,0.0
2936,-28.799999999998363
2937,-28.80000000000041
2938,0.0
2939,-28.80000000000041
2940,0.0
2941,0.0
2942,-28.799999999998363
2943,-28.799999999998363
2944,-28.799999999998363
2945,0.0
2946,-28.80000000000041
2947,0.0
2948,-57.60000000000082
2949,0.0
2950,0.0
2951,0.0
2952,-28.80000000000041
2953,0.0
2954,0.0
2955,0.0
2956,-28.799999999998363
2957,-28.80000000000041
2958,0.0
2959,0.0
2960,-28.80000000000041
2961,-28.80000000000041
2962,0.0
2963,-28.80000000000041
2964,0.0
2965,-28.799999999998363
2966,0.0
2967,0.0
2968,-28.80000000000041
2969,0.0
2970,-28.80000000000041
2971,0.0
2972,-28.80000000000041
2973,0.0
2974,-57.59999999999877
2975,0.0
2976,-28.80000000000041
2977,0.0
2978,0.0
2979,0.0
2980,0.0
2981,-28.80000000000041
2982,-28.80000000000041
2983,0.0
2984,0.0
2985,-28.80000000000041
2986,-28.799999999998363
2987,0.0
2988,-28.80000000000041
2989,0.0
2990,0.0
2991,0.0
2992,0.0
2993,-28.80000000000041
2994,0.0
2995,-28.80000000000041
2996,-28.80000000000041
2997,0.0
2998,-28.799999999998363
2999,0.0
