,0
0,-8.452830188679261
1,-10.639809976247015
2,-7.365333333333343
3,-26.05714285714274
4,-5.689478672985769
5,-15.624068767908179
6,-7.365333333333343
7,-10.639809976247015
8,-8.452830188679261
9,-5.689478672985769
10,-14.400000000000205
11,-7.365333333333343
12,-15.624068767908179
13,-5.689478672985769
14,-14.400000000000205
15,-5.689478672985769
16,-10.639809976247015
17,-5.236363636363618
18,-7.365333333333343
19,-15.624068767908179
20,-5.689478672985769
21,-15.624068767908179
22,-7.365333333333343
23,-10.639809976247015
24,-8.452830188679261
25,-7.365333333333343
26,-12.452552788699661
27,-5.689478672985769
28,-12.452552788699661
29,-7.365333333333343
30,-15.624068767908179
31,-7.365333333333343
32,-10.639809976247015
33,-8.452830188679261
34,-7.365333333333343
35,-12.452552788699661
36,-7.365333333333343
37,-15.624068767908179
38,-7.365333333333343
39,-12.452552788699661
40,-5.689478672985769
41,-12.452552788699661
42,-5.689478672985769
43,-8.452830188679261
44,-10.639809976247015
45,-7.365333333333343
46,-12.452552788699661
47,-7.365333333333343
48,-15.624068767908179
49,-7.365333333333343
50,-10.639809976247015
51,-10.639809976247015
52,-5.689478672985769
53,-12.452552788699661
54,-5.689478672985769
55,-10.639809976247015
56,-6.024364741641343
57,-5.689478672985769
58,-26.05714285714274
59,-5.689478672985769
60,-12.452552788699661
61,-7.365333333333343
62,-7.365333333333343
63,-15.624068767908179
64,-5.689478672985769
65,-15.624068767908179
66,-7.365333333333343
67,-5.236363636363618
68,-10.639809976247015
69,-7.365333333333343
70,-12.452552788699661
71,-5.689478672985769
72,-12.452552788699661
73,-5.689478672985769
74,-15.624068767908179
75,-5.689478672985769
76,-5.689478672985769
77,-10.639809976247015
78,-7.365333333333343
79,-15.624068767908179
80,-5.689478672985769
81,-15.624068767908179
82,-5.689478672985769
83,-6.024364741641343
84,-15.624068767908179
85,-5.689478672985769
86,-12.452552788699661
87,-5.689478672985769
88,-6.024364741641343
89,-7.007142857142809
90,-7.365333333333343
91,-15.624068767908179
92,-7.365333333333343
93,-7.007142857142809
94,-6.024364741641343
95,-5.689478672985769
96,-12.452552788699661
97,-7.365333333333343
98,-15.624068767908179
99,-5.689478672985769
100,-10.639809976247015
101,-6.024364741641343
102,-5.689478672985769
103,-12.452552788699661
104,-5.689478672985769
105,-15.624068767908179
106,-7.365333333333343
107,-15.624068767908179
108,-5.689478672985769
109,-6.024364741641343
110,-10.639809976247015
111,-5.689478672985769
112,-15.624068767908179
113,-5.689478672985769
114,-15.624068767908179
115,-5.236363636363618
116,-7.365333333333343
117,-26.05714285714274
118,-5.689478672985769
119,-10.639809976247015
120,-6.024364741641343
121,-5.689478672985769
122,-12.452552788699661
123,-5.689478672985769
124,-10.639809976247015
125,-8.452830188679261
126,-7.365333333333343
127,-15.624068767908179
128,-7.365333333333343
129,-12.452552788699661
130,-5.689478672985769
131,-5.236363636363618
132,-10.639809976247015
133,-7.365333333333343
134,-26.05714285714274
135,-5.689478672985769
136,-15.624068767908179
137,-5.689478672985769
138,-10.639809976247015
139,-8.452830188679261
140,-7.365333333333343
141,-12.452552788699661
142,-5.689478672985769
143,-12.452552788699661
144,-8.452830188679261
145,-5.689478672985769
146,-26.05714285714274
147,-7.365333333333343
148,-10.639809976247015
149,-8.452830188679261
150,-5.689478672985769
151,-12.452552788699661
152,-5.689478672985769
153,-10.639809976247015
154,-5.236363636363618
155,-5.689478672985769
156,-15.624068767908179
157,-7.365333333333343
158,-12.452552788699661
159,-5.689478672985769
160,-5.689478672985769
161,-12.452552788699661
162,-5.689478672985769
163,-12.452552788699661
164,-7.365333333333343
165,-7.365333333333343
166,-15.624068767908179
167,-7.365333333333343
168,-43.200000000000614
169,-8.452830188679261
170,-5.689478672985769
171,-15.624068767908179
172,-5.689478672985769
173,-8.452830188679261
174,-10.639809976247015
175,-7.365333333333343
176,-15.624068767908179
177,-5.689478672985769
178,-10.639809976247015
179,-10.639809976247015
180,-7.365333333333343
181,-15.624068767908179
182,-7.365333333333343
183,-12.452552788699661
184,-5.689478672985769
185,-6.024364741641343
186,-10.639809976247015
187,-5.689478672985769
188,-12.452552788699661
189,-5.689478672985769
190,-12.452552788699661
191,-7.365333333333343
192,-10.639809976247015
193,-5.236363636363618
194,-7.365333333333343
195,-12.452552788699661
196,-5.689478672985769
197,-12.452552788699661
198,-5.689478672985769
199,-10.639809976247015
200,-5.689478672985769
201,-6.024364741641343
202,-10.639809976247015
203,-5.689478672985769
204,-12.452552788699661
205,-7.365333333333343
206,-15.624068767908179
207,-7.365333333333343
208,-10.639809976247015
209,-8.452830188679261
210,-7.365333333333343
211,-17.692307692307924
212,-5.689478672985769
213,-12.452552788699661
214,-7.365333333333343
215,-15.624068767908179
216,-5.689478672985769
217,-12.452552788699661
218,-5.689478672985769
219,-15.624068767908179
220,-7.365333333333343
221,-10.639809976247015
222,-5.689478672985769
223,-8.452830188679261
224,-8.452830188679261
225,-7.365333333333343
226,-10.639809976247015
227,-7.365333333333343
228,-21.5999999999999
229,-7.365333333333343
230,-15.624068767908179
231,-5.689478672985769
232,-14.400000000000205
233,-5.689478672985769
234,-15.624068767908179
235,-7.365333333333343
236,-14.400000000000205
237,-7.365333333333343
238,-10.639809976247015
239,-5.689478672985769
240,-5.236363636363618
241,-5.236363636363618
242,-7.365333333333343
243,-10.639809976247015
244,-7.365333333333343
245,-21.5999999999999
246,-7.365333333333343
247,-15.624068767908179
248,-7.365333333333343
249,-14.400000000000205
250,-5.689478672985769
251,-14.400000000000205
252,-5.689478672985769
253,-14.400000000000205
254,-7.365333333333343
255,-17.692307692307924
256,-8.452830188679261
257,-8.452830188679261
258,-10.639809976247015
259,-7.365333333333343
260,-15.624068767908179
261,-7.365333333333343
262,-12.452552788699661
263,-5.689478672985769
264,-15.624068767908179
265,-5.689478672985769
266,-12.452552788699661
267,-7.365333333333343
268,-15.624068767908179
269,-7.365333333333343
270,-15.624068767908179
271,-5.689478672985769
272,-12.452552788699661
273,-5.689478672985769
274,-10.639809976247015
275,-7.365333333333343
276,-8.452830188679261
277,-8.452830188679261
278,-5.689478672985769
279,-14.400000000000205
280,-7.365333333333343
281,-14.400000000000205
282,-5.689478672985769
283,-15.624068767908179
284,-7.365333333333343
285,-15.624068767908179
286,-7.365333333333343
287,-12.452552788699661
288,-7.365333333333343
289,-15.624068767908179
290,-5.689478672985769
291,-15.624068767908179
292,-7.365333333333343
293,-10.639809976247015
294,-5.689478672985769
295,-8.452830188679261
296,-10.639809976247015
297,-5.689478672985769
298,-15.624068767908179
299,-5.689478672985769
300,-12.452552788699661
301,-7.365333333333343
302,-15.624068767908179
303,-5.689478672985769
304,-15.624068767908179
305,-7.365333333333343
306,-12.452552788699661
307,-5.689478672985769
308,-10.639809976247015
309,-5.689478672985769
310,-8.452830188679261
311,-8.452830188679261
312,-5.689478672985769
313,-12.452552788699661
314,-7.365333333333343
315,0.0
316,-7.365333333333343
317,-15.624068767908179
318,-5.689478672985769
319,-15.624068767908179
320,-7.365333333333343
321,-7.007142857142809
322,-8.452830188679261
323,-7.365333333333343
324,-10.639809976247015
325,-5.689478672985769
326,-12.452552788699661
327,-5.689478672985769
328,-12.452552788699661
329,-5.689478672985769
330,-10.639809976247015
331,-8.452830188679261
332,-7.365333333333343
333,-15.624068767908179
334,-7.365333333333343
335,-15.624068767908179
336,-7.365333333333343
337,-15.624068767908179
338,-5.689478672985769
339,-10.639809976247015
340,-6.024364741641343
341,-5.689478672985769
342,-10.639809976247015
343,-7.365333333333343
344,-12.452552788699661
345,-5.689478672985769
346,-12.452552788699661
347,-5.689478672985769
348,-12.452552788699661
349,-5.689478672985769
350,-6.024364741641343
351,-10.639809976247015
352,-5.689478672985769
353,-15.624068767908179
354,-7.365333333333343
355,-15.624068767908179
356,-5.689478672985769
357,-10.639809976247015
358,-6.024364741641343
359,-5.689478672985769
360,-12.452552788699661
361,-7.365333333333343
362,-15.624068767908179
363,-7.365333333333343
364,-10.639809976247015
365,-5.689478672985769
366,-6.024364741641343
367,-10.639809976247015
368,-7.365333333333343
369,-12.452552788699661
370,-5.689478672985769
371,-12.452552788699661
372,-6.024364741641343
373,-5.689478672985769
374,-10.742857142857133
375,-5.689478672985769
376,-15.624068767908179
377,-5.689478672985769
378,-10.639809976247015
379,-6.024364741641343
380,-7.365333333333343
381,-12.452552788699661
382,-7.365333333333343
383,-12.452552788699661
384,-5.689478672985769
385,-7.007142857142809
386,-8.452830188679261
387,-5.689478672985769
388,-12.452552788699661
389,-5.689478672985769
390,-12.452552788699661
391,-7.365333333333343
392,-15.624068767908179
393,-7.365333333333343
394,-6.024364741641343
395,-7.007142857142809
396,-5.689478672985769
397,-12.452552788699661
398,-5.689478672985769
399,-12.452552788699661
400,-5.689478672985769
401,-7.007142857142809
402,-8.452830188679261
403,-5.689478672985769
404,-15.624068767908179
405,-7.365333333333343
406,-15.624068767908179
407,-7.365333333333343
408,-5.236363636363618
409,-43.200000000000614
410,-5.689478672985769
411,-12.452552788699661
412,-5.689478672985769
413,-15.624068767908179
414,-7.365333333333343
415,-6.024364741641343
416,-7.007142857142809
417,-5.689478672985769
418,-15.624068767908179
419,-7.365333333333343
420,-12.452552788699661
421,-5.689478672985769
422,-5.689478672985769
423,-12.452552788699661
424,-7.365333333333343
425,-15.624068767908179
426,-7.365333333333343
427,-7.007142857142809
428,-6.024364741641343
429,-5.689478672985769
430,-12.452552788699661
431,-7.365333333333343
432,-15.624068767908179
433,-5.689478672985769
434,-12.452552788699661
435,-5.689478672985769
436,-6.024364741641343
437,-10.639809976247015
438,-5.689478672985769
439,-15.624068767908179
440,-7.365333333333343
441,-12.452552788699661
442,-5.689478672985769
443,-5.689478672985769
444,-12.452552788699661
445,-7.365333333333343
446,-15.624068767908179
447,-5.689478672985769
448,-10.639809976247015
449,-8.452830188679261
450,-5.689478672985769
451,-12.452552788699661
452,-5.689478672985769
453,-15.624068767908179
454,-7.365333333333343
455,-5.236363636363618
456,-7.007142857142809
457,-7.365333333333343
458,-15.624068767908179
459,-5.689478672985769
460,-12.452552788699661
461,-5.689478672985769
462,-7.007142857142809
463,-7.007142857142809
464,-5.689478672985769
465,-15.624068767908179
466,-5.689478672985769
467,-12.452552788699661
468,-5.689478672985769
469,-8.452830188679261
470,-10.639809976247015
471,-7.365333333333343
472,-15.624068767908179
473,-7.365333333333343
474,-12.452552788699661
475,-7.365333333333343
476,-10.639809976247015
477,-8.452830188679261
478,-5.689478672985769
479,-12.452552788699661
480,-5.689478672985769
481,-12.452552788699661
482,-5.689478672985769
483,-12.452552788699661
484,-5.689478672985769
485,-5.689478672985769
486,-10.742857142857133
487,-7.365333333333343
488,-15.624068767908179
489,-5.689478672985769
490,-12.452552788699661
491,-5.689478672985769
492,-8.452830188679261
493,-10.639809976247015
494,-7.365333333333343
495,-15.624068767908179
496,-7.365333333333343
497,-12.452552788699661
498,-5.689478672985769
499,-10.639809976247015
500,-8.452830188679261
501,-7.365333333333343
502,-10.639809976247015
503,-5.689478672985769
504,-15.624068767908179
505,-5.689478672985769
506,-12.452552788699661
507,-7.365333333333343
508,-10.639809976247015
509,-7.365333333333343
510,-8.452830188679261
511,-10.639809976247015
512,-5.689478672985769
513,-12.452552788699661
514,-7.365333333333343
515,-15.624068767908179
516,-7.365333333333343
517,-15.624068767908179
518,-7.365333333333343
519,-15.624068767908179
520,-5.689478672985769
521,-12.452552788699661
522,-5.689478672985769
523,-10.639809976247015
524,-5.689478672985769
525,-8.452830188679261
526,-10.639809976247015
527,-7.365333333333343
528,-10.639809976247015
529,-7.365333333333343
530,-10.742857142857133
531,-5.689478672985769
532,-14.400000000000205
533,-7.365333333333343
534,-15.624068767908179
535,-7.365333333333343
536,-14.400000000000205
537,-5.689478672985769
538,-15.624068767908179
539,-7.365333333333343
540,-14.400000000000205
541,-5.689478672985769
542,-10.639809976247015
543,-8.452830188679261
544,-5.689478672985769
545,-10.639809976247015
546,-7.365333333333343
547,-10.742857142857133
548,-7.365333333333343
549,-14.400000000000205
550,-5.689478672985769
551,-14.400000000000205
552,-7.365333333333343
553,-15.624068767908179
554,-7.365333333333343
555,-14.400000000000205
556,-5.689478672985769
557,-10.639809976247015
558,-5.236363636363618
559,-8.452830188679261
560,-10.639809976247015
561,-5.689478672985769
562,-10.742857142857133
563,-7.365333333333343
564,-15.624068767908179
565,-7.365333333333343
566,-14.400000000000205
567,-7.365333333333343
568,-15.624068767908179
569,-5.689478672985769
570,-8.452830188679261
571,-10.639809976247015
572,-7.365333333333343
573,-14.400000000000205
574,-7.365333333333343
575,-15.624068767908179
576,-5.689478672985769
577,-14.400000000000205
578,-5.689478672985769
579,-10.639809976247015
580,-5.236363636363618
581,-7.365333333333343
582,-14.400000000000205
583,-5.689478672985769
584,-14.400000000000205
585,-5.689478672985769
586,-15.624068767908179
587,-7.365333333333343
588,-10.639809976247015
589,-8.452830188679261
590,-7.365333333333343
591,-14.400000000000205
592,-5.689478672985769
593,-14.400000000000205
594,-5.689478672985769
595,-15.624068767908179
596,-7.365333333333343
597,-10.639809976247015
598,-5.236363636363618
599,-5.689478672985769
600,-10.639809976247015
601,-7.365333333333343
602,-14.400000000000205
603,-5.689478672985769
604,-15.624068767908179
605,-7.365333333333343
606,-14.400000000000205
607,-5.689478672985769
608,-8.452830188679261
609,-7.007142857142809
610,-5.689478672985769
611,-14.400000000000205
612,-7.365333333333343
613,-15.624068767908179
614,-7.365333333333343
615,-15.624068767908179
616,-5.689478672985769
617,-8.452830188679261
618,-8.452830188679261
619,-5.689478672985769
620,-14.400000000000205
621,-5.689478672985769
622,-15.624068767908179
623,-7.365333333333343
624,-14.400000000000205
625,-7.365333333333343
626,-10.639809976247015
627,-8.452830188679261
628,-5.689478672985769
629,-10.742857142857133
630,-7.365333333333343
631,-14.400000000000205
632,-5.689478672985769
633,-14.400000000000205
634,-5.689478672985769
635,-10.639809976247015
636,-8.452830188679261
637,-5.689478672985769
638,-14.400000000000205
639,-7.365333333333343
640,-15.624068767908179
641,-7.365333333333343
642,-14.400000000000205
643,-7.365333333333343
644,-10.639809976247015
645,-8.452830188679261
646,-5.689478672985769
647,-14.400000000000205
648,-5.689478672985769
649,-15.624068767908179
650,-7.365333333333343
651,-15.624068767908179
652,-7.365333333333343
653,-5.689478672985769
654,-10.639809976247015
655,-5.689478672985769
656,-14.400000000000205
657,-5.689478672985769
658,-14.400000000000205
659,-5.689478672985769
660,-10.639809976247015
661,-8.452830188679261
662,-7.365333333333343
663,-10.742857142857133
664,-7.365333333333343
665,-14.400000000000205
666,-5.689478672985769
667,-14.400000000000205
668,-5.689478672985769
669,-7.007142857142809
670,-7.365333333333343
671,-8.452830188679261
672,-7.007142857142809
673,-7.365333333333343
674,-15.624068767908179
675,-7.365333333333343
676,-12.452552788699661
677,-7.365333333333343
678,-15.624068767908179
679,-7.365333333333343
680,-13.415384615384609
681,-13.415384615384609
682,-5.689478672985769
683,-13.415384615384609
684,-7.365333333333343
685,-9.900000000000077
686,-5.689478672985769
687,-15.624068767908179
688,-5.689478672985769
689,-13.415384615384609
690,-13.415384615384609
691,-5.689478672985769
692,-13.415384615384609
693,-7.365333333333343
694,-14.400000000000205
695,-5.689478672985769
696,-15.624068767908179
697,-7.365333333333343
698,-10.639809976247015
699,-8.452830188679261
700,-5.689478672985769
701,-10.742857142857133
702,-7.365333333333343
703,-15.624068767908179
704,-5.689478672985769
705,-10.639809976247015
706,-17.376291793312948
707,-5.689478672985769
708,-12.452552788699661
709,-5.689478672985769
710,-15.624068767908179
711,-7.365333333333343
712,-18.77142857142862
713,-5.689478672985769
714,-10.639809976247015
715,-6.024364741641343
716,-17.376291793312948
717,-10.639809976247015
718,-5.689478672985769
719,-12.452552788699661
720,-7.365333333333343
721,-15.624068767908179
722,-5.689478672985769
723,-18.77142857142862
724,-5.689478672985769
725,-10.639809976247015
726,-17.376291793312948
727,-5.689478672985769
728,-10.742857142857133
729,-7.365333333333343
730,-15.624068767908179
731,-5.689478672985769
732,-18.77142857142862
733,-5.689478672985769
734,-10.639809976247015
735,-17.376291793312948
736,-5.689478672985769
737,-18.77142857142862
738,-7.365333333333343
739,-9.900000000000077
740,-7.365333333333343
741,-13.415384615384609
742,-13.415384615384609
743,-5.689478672985769
744,-10.742857142857133
745,-5.689478672985769
746,-15.624068767908179
747,-7.365333333333343
748,-15.624068767908179
749,-7.365333333333343
750,-5.689478672985769
751,-12.452552788699661
752,-7.365333333333343
753,-15.624068767908179
754,-5.689478672985769
755,-7.007142857142809
756,-6.024364741641343
757,-5.689478672985769
758,-12.452552788699661
759,-5.689478672985769
760,-18.77142857142862
761,-7.365333333333343
762,-17.376291793312948
763,-10.639809976247015
764,-5.689478672985769
765,-10.742857142857133
766,-7.365333333333343
767,-15.624068767908179
768,-5.689478672985769
769,-6.024364741641343
770,-10.639809976247015
771,-5.689478672985769
772,-10.742857142857133
773,-7.365333333333343
774,-14.400000000000205
775,-5.689478672985769
776,-8.452830188679261
777,-10.639809976247015
778,-7.365333333333343
779,-14.400000000000205
780,-5.689478672985769
781,-14.400000000000205
782,-7.365333333333343
783,-10.639809976247015
784,-7.365333333333343
785,-8.452830188679261
786,-10.639809976247015
787,-5.689478672985769
788,-14.400000000000205
789,-5.689478672985769
790,-14.400000000000205
791,-5.689478672985769
792,-15.624068767908179
793,-7.365333333333343
794,-10.639809976247015
795,-5.689478672985769
796,-8.452830188679261
797,-8.452830188679261
798,-7.365333333333343
799,-10.639809976247015
800,-5.689478672985769
801,-14.400000000000205
802,-5.689478672985769
803,-10.742857142857133
804,-5.689478672985769
805,-14.400000000000205
806,-7.365333333333343
807,-15.624068767908179
808,-7.365333333333343
809,-10.639809976247015
810,-5.689478672985769
811,-8.452830188679261
812,-8.452830188679261
813,-7.365333333333343
814,-10.639809976247015
815,-5.689478672985769
816,-14.400000000000205
817,-7.365333333333343
818,-21.5999999999999
819,-7.365333333333343
820,-14.400000000000205
821,-5.689478672985769
822,-15.624068767908179
823,-7.365333333333343
824,-14.400000000000205
825,-5.689478672985769
826,-14.400000000000205
827,-5.689478672985769
828,-10.639809976247015
829,-5.689478672985769
830,-8.452830188679261
831,-8.452830188679261
832,-7.365333333333343
833,-10.639809976247015
834,-5.689478672985769
835,-14.400000000000205
836,-5.689478672985769
837,-14.400000000000205
838,-7.365333333333343
839,-14.400000000000205
840,-5.689478672985769
841,-15.624068767908179
842,-7.365333333333343
843,-10.639809976247015
844,-5.689478672985769
845,-8.452830188679261
846,-10.639809976247015
847,-7.365333333333343
848,-21.5999999999999
849,-5.689478672985769
850,-14.400000000000205
851,-7.365333333333343
852,-21.5999999999999
853,-7.365333333333343
854,-10.639809976247015
855,-5.689478672985769
856,-8.452830188679261
857,-10.639809976247015
858,-5.689478672985769
859,-14.400000000000205
860,-5.689478672985769
861,-10.742857142857133
862,-5.689478672985769
863,-14.400000000000205
864,-5.689478672985769
865,-5.236363636363618
866,-10.639809976247015
867,-7.365333333333343
868,-14.400000000000205
869,-5.689478672985769
870,-57.59999999999877
871,-57.59999999999877
872,0.0
873,-5.689478672985769
874,-5.236363636363618
875,-5.236363636363618
876,-7.365333333333343
877,-14.400000000000205
878,-5.689478672985769
879,-10.742857142857133
880,-5.689478672985769
881,-14.400000000000205
882,-7.365333333333343
883,-8.452830188679261
884,-8.452830188679261
885,-9.52037752037756
886,-14.400000000000205
887,-9.52037752037756
888,-10.742857142857133
889,-9.52037752037756
890,-14.400000000000205
891,-8.452830188679261
892,-9.52037752037756
893,-10.742857142857133
894,-9.52037752037756
895,-14.400000000000205
896,-9.52037752037756
897,-21.5999999999999
898,-9.52037752037756
899,-8.452830188679261
900,-10.639809976247015
901,-5.689478672985769
902,-14.400000000000205
903,-5.689478672985769
904,-14.400000000000205
905,-7.365333333333343
906,-21.5999999999999
907,-7.365333333333343
908,-10.639809976247015
909,-8.452830188679261
910,-5.689478672985769
911,-10.742857142857133
912,-7.365333333333343
913,-10.742857142857133
914,-7.365333333333343
915,-10.639809976247015
916,-5.236363636363618
917,-8.452830188679261
918,-10.639809976247015
919,-7.365333333333343
920,-10.742857142857133
921,-7.365333333333343
922,-10.742857142857133
923,-7.365333333333343
924,-15.624068767908179
925,-7.365333333333343
926,-15.624068767908179
927,-8.452830188679261
928,-5.689478672985769
929,-12.452552788699661
930,-7.365333333333343
931,-12.452552788699661
932,-10.639809976247015
933,-5.689478672985769
934,-12.452552788699661
935,-5.689478672985769
936,-6.024364741641343
937,-12.452552788699661
938,-20.945454545454517
939,-12.452552788699661
940,-20.945454545454517
941,-20.945454545454517
942,-10.742857142857133
943,-20.945454545454517
944,-10.639809976247015
945,-8.452830188679261
946,-20.945454545454517
947,-10.742857142857133
948,-9.52037752037756
949,-8.452830188679261
950,-12.452552788699661
951,-20.945454545454517
952,-12.452552788699661
953,-20.945454545454517
954,-17.376291793312948
955,-10.742857142857133
956,-20.945454545454517
957,-12.452552788699661
958,-9.52037752037756
959,-12.452552788699661
960,-8.452830188679261
961,-20.945454545454517
962,-10.742857142857133
963,-20.945454545454517
964,-10.742857142857133
965,-20.945454545454517
966,-10.639809976247015
967,-8.452830188679261
968,-20.945454545454517
969,-12.452552788699661
970,-20.945454545454517
971,-8.452830188679261
972,-10.742857142857133
973,-20.945454545454517
974,-12.452552788699661
975,-8.452830188679261
976,-20.945454545454517
977,-10.742857142857133
978,-20.945454545454517
979,-10.742857142857133
980,-20.945454545454517
981,-20.945454545454517
982,-12.452552788699661
983,-20.945454545454517
984,-12.452552788699661
985,-20.945454545454517
986,-8.452830188679261
987,-12.452552788699661
988,-20.945454545454517
989,-10.742857142857133
990,-20.945454545454517
991,-10.639809976247015
992,-10.639809976247015
993,-20.945454545454517
994,-10.742857142857133
995,-20.945454545454517
996,-8.452830188679261
997,-10.639809976247015
998,-20.945454545454517
999,-12.452552788699661
1000,-20.945454545454517
1001,-10.639809976247015
1002,-8.452830188679261
1003,-20.945454545454517
1004,-10.742857142857133
1005,-20.945454545454517
1006,-10.742857142857133
1007,-8.452830188679261
1008,-20.945454545454517
1009,-12.452552788699661
1010,-20.945454545454517
1011,-10.742857142857133
1012,-8.452830188679261
1013,-20.945454545454517
1014,-10.742857142857133
1015,-20.945454545454517
1016,-12.452552788699661
1017,-20.945454545454517
1018,-20.945454545454517
1019,-12.452552788699661
1020,-20.945454545454517
1021,-10.742857142857133
1022,-20.945454545454517
1023,-8.452830188679261
1024,-12.452552788699661
1025,-20.945454545454517
1026,-10.742857142857133
1027,-20.945454545454517
1028,-10.639809976247015
1029,-10.639809976247015
1030,-9.52037752037756
1031,-10.742857142857133
1032,-9.52037752037756
1033,-8.452830188679261
1034,-10.639809976247015
1035,-9.52037752037756
1036,-10.742857142857133
1037,-20.945454545454517
1038,-10.639809976247015
1039,-8.452830188679261
1040,-20.945454545454517
1041,-12.452552788699661
1042,-9.52037752037756
1043,-12.452552788699661
1044,-20.945454545454517
1045,-10.639809976247015
1046,-8.452830188679261
1047,-9.52037752037756
1048,-10.742857142857133
1049,-20.945454545454517
1050,-12.452552788699661
1051,-9.52037752037756
1052,-8.452830188679261
1053,-10.639809976247015
1054,-20.945454545454517
1055,-10.742857142857133
1056,-20.945454545454517
1057,-12.452552788699661
1058,-9.52037752037756
1059,-10.639809976247015
1060,-8.452830188679261
1061,-9.52037752037756
1062,-10.742857142857133
1063,-9.52037752037756
1064,-12.452552788699661
1065,-9.52037752037756
1066,-10.639809976247015
1067,-8.452830188679261
1068,-9.52037752037756
1069,-10.742857142857133
1070,-9.52037752037756
1071,-10.742857142857133
1072,-9.52037752037756
1073,-10.639809976247015
1074,-8.452830188679261
1075,-9.52037752037756
1076,-10.639809976247015
1077,-9.52037752037756
1078,-12.452552788699661
1079,-9.52037752037756
1080,-10.639809976247015
1081,-9.52037752037756
1082,-8.452830188679261
1083,-10.639809976247015
1084,-9.52037752037756
1085,-10.742857142857133
1086,-9.52037752037756
1087,-21.5999999999999
1088,-9.52037752037756
1089,-12.452552788699661
1090,-9.52037752037756
1091,-10.639809976247015
1092,-8.452830188679261
1093,-8.452830188679261
1094,-10.639809976247015
1095,-9.52037752037756
1096,-21.5999999999999
1097,-9.52037752037756
1098,-12.452552788699661
1099,-9.52037752037756
1100,-21.5999999999999
1101,-9.52037752037756
1102,-12.452552788699661
1103,-9.52037752037756
1104,-10.639809976247015
1105,-8.452830188679261
1106,-5.236363636363618
1107,-10.639809976247015
1108,-5.689478672985769
1109,-12.452552788699661
1110,-5.689478672985769
1111,-12.452552788699661
1112,-5.689478672985769
1113,-21.5999999999999
1114,-5.689478672985769
1115,-12.452552788699661
1116,-5.689478672985769
1117,-10.639809976247015
1118,-5.689478672985769
1119,-8.452830188679261
1120,-10.639809976247015
1121,-7.365333333333343
1122,-21.5999999999999
1123,-5.689478672985769
1124,-12.452552788699661
1125,-5.689478672985769
1126,-12.452552788699661
1127,-5.689478672985769
1128,-21.5999999999999
1129,-7.365333333333343
1130,-12.452552788699661
1131,-5.689478672985769
1132,-12.452552788699661
1133,-5.689478672985769
1134,-17.692307692307924
1135,-8.452830188679261
1136,-7.365333333333343
1137,-21.5999999999999
1138,-5.689478672985769
1139,-12.452552788699661
1140,-7.365333333333343
1141,-21.5999999999999
1142,-5.689478672985769
1143,-21.5999999999999
1144,-9.52037752037756
1145,-5.236363636363618
1146,-5.236363636363618
1147,-9.52037752037756
1148,0.0
1149,-9.52037752037756
1150,-21.5999999999999
1151,-9.52037752037756
1152,-12.452552788699661
1153,-9.52037752037756
1154,-10.639809976247015
1155,-8.452830188679261
1156,-9.52037752037756
1157,-10.639809976247015
1158,-9.52037752037756
1159,-10.742857142857133
1160,-9.52037752037756
1161,-12.452552788699661
1162,-9.52037752037756
1163,-10.639809976247015
1164,-8.452830188679261
1165,-8.452830188679261
1166,-10.639809976247015
1167,-9.52037752037756
1168,-10.639809976247015
1169,-9.52037752037756
1170,-10.742857142857133
1171,-9.52037752037756
1172,-10.742857142857133
1173,-9.52037752037756
1174,-10.742857142857133
1175,-9.52037752037756
1176,-10.639809976247015
1177,-8.452830188679261
1178,-9.52037752037756
1179,-12.452552788699661
1180,-9.52037752037756
1181,-12.452552788699661
1182,-9.52037752037756
1183,-10.639809976247015
1184,-8.452830188679261
1185,-9.52037752037756
1186,-12.452552788699661
1187,-9.52037752037756
1188,-12.452552788699661
1189,-9.52037752037756
1190,-8.452830188679261
1191,-10.639809976247015
1192,-9.52037752037756
1193,-10.742857142857133
1194,-9.52037752037756
1195,-10.742857142857133
1196,-20.945454545454517
1197,-10.639809976247015
1198,-8.452830188679261
1199,-9.52037752037756
1200,-12.452552788699661
1201,-9.52037752037756
1202,-10.742857142857133
1203,-9.52037752037756
1204,-15.624068767908179
1205,-9.52037752037756
1206,-8.452830188679261
1207,-10.639809976247015
1208,-9.52037752037756
1209,-10.742857142857133
1210,-9.52037752037756
1211,-10.742857142857133
1212,-20.945454545454517
1213,-10.639809976247015
1214,-8.452830188679261
1215,-20.945454545454517
1216,-10.742857142857133
1217,-20.945454545454517
1218,-12.452552788699661
1219,-20.945454545454517
1220,-10.639809976247015
1221,-10.639809976247015
1222,-9.52037752037756
1223,-10.742857142857133
1224,-20.945454545454517
1225,-10.639809976247015
1226,-8.452830188679261
1227,-20.945454545454517
1228,-10.742857142857133
1229,-20.945454545454517
1230,-12.452552788699661
1231,-20.945454545454517
1232,-10.639809976247015
1233,-8.452830188679261
1234,-20.945454545454517
1235,-12.452552788699661
1236,-9.52037752037756
1237,-12.452552788699661
1238,-9.52037752037756
1239,-8.452830188679261
1240,-10.639809976247015
1241,-9.52037752037756
1242,0.0
1243,-9.52037752037756
1244,0.0
1245,-20.945454545454517
1246,-8.452830188679261
1247,0.0
1248,-20.945454545454517
1249,-10.742857142857133
1250,-9.52037752037756
1251,-15.624068767908179
1252,-20.945454545454517
1253,-20.945454545454517
1254,0.0
1255,-20.945454545454517
1256,-10.742857142857133
1257,-20.945454545454517
1258,-5.236363636363618
1259,-10.639809976247015
1260,-20.945454545454517
1261,0.0
1262,-9.52037752037756
1263,0.0
1264,-20.945454545454517
1265,-5.236363636363618
1266,-10.742857142857133
1267,-9.52037752037756
1268,-12.452552788699661
1269,-20.945454545454517
1270,-10.639809976247015
1271,-8.452830188679261
1272,-20.945454545454517
1273,-10.742857142857133
1274,-20.945454545454517
1275,-10.639809976247015
1276,-8.452830188679261
1277,-20.945454545454517
1278,-12.452552788699661
1279,-20.945454545454517
1280,-10.639809976247015
1281,-5.236363636363618
1282,-20.945454545454517
1283,-10.742857142857133
1284,-20.945454545454517
1285,-12.452552788699661
1286,-20.945454545454517
1287,-10.639809976247015
1288,-10.639809976247015
1289,-20.945454545454517
1290,-10.742857142857133
1291,-20.945454545454517
1292,-12.452552788699661
1293,-20.945454545454517
1294,-20.945454545454517
1295,-10.742857142857133
1296,-20.945454545454517
1297,-12.452552788699661
1298,-8.452830188679261
1299,-20.945454545454517
1300,-10.742857142857133
1301,-20.945454545454517
1302,-10.742857142857133
1303,-20.945454545454517
1304,-8.452830188679261
1305,-10.742857142857133
1306,-20.945454545454517
1307,-10.742857142857133
1308,-20.945454545454517
1309,-12.452552788699661
1310,-8.452830188679261
1311,-20.945454545454517
1312,-10.742857142857133
1313,-20.945454545454517
1314,-12.452552788699661
1315,-20.945454545454517
1316,-8.452830188679261
1317,-10.639809976247015
1318,-9.52037752037756
1319,-10.742857142857133
1320,-20.945454545454517
1321,-10.639809976247015
1322,-10.639809976247015
1323,-20.945454545454517
1324,-10.742857142857133
1325,-20.945454545454517
1326,-10.639809976247015
1327,-8.452830188679261
1328,-20.945454545454517
1329,-12.452552788699661
1330,-9.52037752037756
1331,-10.742857142857133
1332,-20.945454545454517
1333,-10.742857142857133
1334,-9.52037752037756
1335,-8.452830188679261
1336,-10.639809976247015
1337,-9.52037752037756
1338,-10.742857142857133
1339,-9.52037752037756
1340,-10.742857142857133
1341,-9.52037752037756
1342,-8.452830188679261
1343,-10.639809976247015
1344,-9.52037752037756
1345,-12.452552788699661
1346,-20.945454545454517
1347,-10.639809976247015
1348,-5.236363636363618
1349,-20.945454545454517
1350,-10.742857142857133
1351,-9.52037752037756
1352,0.0
1353,-9.52037752037756
1354,0.0
1355,-57.59999999999877
1356,-9.52037752037756
1357,-17.692307692307924
1358,-9.52037752037756
1359,-57.59999999999877
1360,-5.689478672985769
1361,-10.742857142857133
1362,-57.59999999999877
1363,-10.639809976247015
1364,-8.452830188679261
1365,-7.365333333333343
1366,-57.59999999999877
1367,-7.365333333333343
1368,-4070.4000000000005
1369,-4070.4000000000005
1370,-4070.4000000000005
1371,-4070.4000000000005
1372,-4070.4000000000005
1373,-4070.4000000000005
1374,-4070.4000000000005
1375,-4070.4000000000005
1376,-4070.4000000000005
1377,-4070.4000000000005
1378,-4070.4000000000005
1379,-4070.4000000000005
1380,-4070.4000000000005
1381,-4070.4000000000005
1382,-4070.4000000000005
1383,-4070.4000000000005
1384,-4070.4000000000005
1385,-4070.4000000000005
1386,-4070.4000000000005
1387,-4070.4000000000005
1388,-4070.4000000000005
1389,-4070.4000000000005
1390,-4070.4000000000005
1391,-4070.4000000000005
1392,-4070.4000000000005
1393,-4070.4000000000005
1394,-4070.4000000000005
1395,-4070.4000000000005
1396,-4070.4000000000005
1397,-4070.4000000000005
1398,-4070.4000000000005
1399,-4070.4000000000005
1400,-4070.4000000000005
1401,-4070.4000000000005
1402,-4070.4000000000005
1403,-4070.4000000000005
1404,-4070.4000000000005
1405,-4070.4000000000005
1406,-4070.4000000000005
1407,-4070.4000000000005
1408,-4070.4000000000005
1409,-4070.4000000000005
1410,-4070.4000000000005
1411,-4070.4000000000005
1412,-4070.4000000000005
1413,-4070.4000000000005
1414,-4070.4000000000005
1415,-4070.4000000000005
1416,-4070.4000000000005
1417,-4070.4000000000005
1418,-4070.4000000000005
1419,-4070.4000000000005
1420,-4070.4000000000005
1421,-4070.4000000000005
1422,-4070.4000000000005
1423,-4070.4000000000005
1424,-4070.4000000000005
1425,-4070.4000000000005
1426,-4070.4000000000005
1427,-4070.4000000000005
1428,-4070.4000000000005
1429,-4070.4000000000005
1430,-4070.4000000000005
1431,-4070.4000000000005
1432,-4070.4000000000005
1433,-4070.4000000000005
1434,-4070.4000000000005
1435,-4070.4000000000005
1436,-4070.4000000000005
1437,-4070.4000000000005
1438,-4070.4000000000005
1439,-4070.4000000000005
1440,-4070.4000000000005
1441,-4070.4000000000005
1442,-4070.4000000000005
1443,-4070.4000000000005
1444,-4070.4000000000005
1445,-4070.4000000000005
1446,-4070.4000000000005
1447,-4070.4000000000005
1448,-4070.4000000000005
1449,-4070.4000000000005
1450,-4070.4000000000005
1451,-4070.4000000000005
1452,-4070.4000000000005
1453,-4070.4000000000005
1454,-4070.4000000000005
1455,-4070.4000000000005
1456,-4070.4000000000005
1457,-4070.4000000000005
1458,-4070.4000000000005
1459,-4070.4000000000005
1460,-4070.4000000000005
1461,-4070.4000000000005
1462,-4070.4000000000005
1463,-4070.4000000000005
1464,-4070.4000000000005
1465,-4070.4000000000005
1466,-4070.4000000000005
1467,-4070.4000000000005
1468,-4070.4000000000005
1469,-4070.4000000000005
1470,-4070.4000000000005
1471,-4070.4000000000005
1472,-4070.4000000000005
1473,-4070.4000000000005
1474,-4070.4000000000005
1475,-4070.4000000000005
1476,-4070.4000000000005
1477,-4070.4000000000005
1478,-4070.4000000000005
1479,-4070.4000000000005
1480,-4070.4000000000005
1481,-4070.4000000000005
1482,-4070.4000000000005
1483,-4070.4000000000005
1484,-4070.4000000000005
1485,-4070.4000000000005
1486,-4070.4000000000005
1487,-4070.4000000000005
1488,-4070.4000000000005
1489,-4070.4000000000005
1490,-4070.4000000000005
1491,-4070.4000000000005
1492,-4070.4000000000005
1493,-4070.4000000000005
1494,-4070.4000000000005
1495,-4070.4000000000005
1496,-4070.4000000000005
1497,-4070.4000000000005
1498,-4070.4000000000005
1499,-4070.4000000000005
1500,-4070.4000000000005
1501,-4070.4000000000005
1502,-4070.4000000000005
1503,-4070.4000000000005
1504,-4070.4000000000005
1505,-4070.4000000000005
1506,-4070.4000000000005
1507,-4070.4000000000005
1508,-4070.4000000000005
1509,-4070.4000000000005
1510,-4070.4000000000005
1511,-4070.4000000000005
1512,-4070.4000000000005
1513,-4070.4000000000005
1514,-4070.4000000000005
1515,-4070.4000000000005
1516,-4070.4000000000005
1517,-4070.4000000000005
1518,-4070.4000000000005
1519,-4070.4000000000005
1520,-4070.4000000000005
1521,-4070.4000000000005
1522,-4070.4000000000005
1523,-4070.4000000000005
1524,-4070.4000000000005
1525,-4070.4000000000005
1526,-4070.4000000000005
1527,-4070.4000000000005
1528,-4070.4000000000005
1529,-4070.4000000000005
1530,-4070.4000000000005
1531,-4070.4000000000005
1532,-4070.4000000000005
1533,-4070.4000000000005
1534,-4070.4000000000005
1535,-4070.4000000000005
1536,-4070.4000000000005
1537,-4070.4000000000005
1538,-4070.4000000000005
1539,-4070.4000000000005
1540,-4070.4000000000005
1541,-4070.4000000000005
1542,-4070.4000000000005
1543,-4070.4000000000005
1544,-4070.4000000000005
1545,-4070.4000000000005
1546,-4070.4000000000005
1547,-4070.4000000000005
1548,-4070.4000000000005
1549,-4070.4000000000005
1550,-4070.4000000000005
1551,-4070.4000000000005
1552,-4070.4000000000005
1553,-4070.4000000000005
1554,-4070.4000000000005
1555,-4070.4000000000005
1556,-4070.4000000000005
1557,-4070.4000000000005
1558,-4070.4000000000005
1559,-4070.4000000000005
1560,-4070.4000000000005
1561,-4070.4000000000005
1562,-4070.4000000000005
1563,-4070.4000000000005
1564,-4070.4000000000005
1565,-4070.4000000000005
1566,-4070.4000000000005
1567,-4070.4000000000005
1568,-4070.4000000000005
1569,-4070.4000000000005
1570,-4070.4000000000005
1571,-4070.4000000000005
1572,-4070.4000000000005
1573,-4070.4000000000005
1574,-4070.4000000000005
1575,-4070.4000000000005
1576,-4070.4000000000005
1577,-4070.4000000000005
1578,-4070.4000000000005
1579,-4070.4000000000005
1580,-4070.4000000000005
1581,-4070.4000000000005
1582,-8.452830188679261
1583,-4070.4000000000005
1584,-4070.4000000000005
1585,-4070.4000000000005
1586,-4070.4000000000005
1587,-4070.4000000000005
1588,-4070.4000000000005
1589,-20.945454545454517
1590,-4070.4000000000005
1591,-4070.4000000000005
1592,-4070.4000000000005
1593,-4070.4000000000005
1594,-9.52037752037756
1595,-12.452552788699661
1596,-4070.4000000000005
1597,-4070.4000000000005
1598,-4070.4000000000005
1599,-4070.4000000000005
1600,-4070.4000000000005
1601,-4070.4000000000005
1602,-4070.4000000000005
1603,-4070.4000000000005
1604,-4070.4000000000005
1605,-4070.4000000000005
1606,-4070.4000000000005
1607,-4070.4000000000005
1608,-4070.4000000000005
1609,-4070.4000000000005
1610,-4070.4000000000005
1611,-4070.4000000000005
1612,-4070.4000000000005
1613,-4070.4000000000005
1614,-4070.4000000000005
1615,-12.452552788699661
1616,-9.52037752037756
1617,-12.452552788699661
1618,-4070.4000000000005
1619,-4070.4000000000005
1620,-4070.4000000000005
1621,-10.639809976247015
1622,-17.692307692307924
1623,-4070.4000000000005
1624,-4070.4000000000005
1625,-4070.4000000000005
1626,-4070.4000000000005
1627,-4070.4000000000005
1628,-10.639809976247015
1629,-8.452830188679261
1630,-8.452830188679261
1631,-4070.4000000000005
1632,-4070.4000000000005
1633,-4070.4000000000005
1634,-4070.4000000000005
1635,-12.452552788699661
1636,-9.52037752037756
1637,-12.452552788699661
1638,-9.52037752037756
1639,-8.452830188679261
1640,-10.639809976247015
1641,-9.52037752037756
1642,-12.452552788699661
1643,-9.52037752037756
1644,-12.452552788699661
1645,-9.52037752037756
1646,-43.200000000000614
1647,-20.945454545454517
1648,-8.452830188679261
1649,-10.639809976247015
1650,-4070.4000000000005
1651,-4070.4000000000005
1652,-20.945454545454517
1653,-12.452552788699661
1654,-20.945454545454517
1655,-12.452552788699661
1656,-20.945454545454517
1657,-43.200000000000614
1658,-6.024364741641343
1659,-20.945454545454517
1660,-43.200000000000614
1661,-20.945454545454517
1662,-12.452552788699661
1663,-20.945454545454517
1664,-12.452552788699661
1665,-20.945454545454517
1666,-12.452552788699661
1667,-20.945454545454517
1668,-10.639809976247015
1669,-20.945454545454517
1670,-6.024364741641343
1671,-6.024364741641343
1672,-6.024364741641343
1673,-43.200000000000614
1674,-20.945454545454517
1675,-12.452552788699661
1676,-20.945454545454517
1677,-12.452552788699661
1678,-20.945454545454517
1679,-12.452552788699661
1680,-20.945454545454517
1681,-12.452552788699661
1682,-20.945454545454517
1683,-10.639809976247015
1684,-20.945454545454517
1685,-6.024364741641343
1686,-6.024364741641343
1687,-20.945454545454517
1688,-10.639809976247015
1689,-20.945454545454517
1690,-1.5157894736842321
1691,-43.19999999999908
1692,-24.872727272727253
1693,-43.19999999999908
1694,-24.872727272727253
1695,-43.19999999999908
1696,-24.872727272727253
1697,-43.19999999999908
1698,-24.872727272727253
1699,-43.19999999999908
1700,-9.900000000000077
1701,-5.689478672985769
1702,-9.900000000000077
1703,-5.689478672985769
1704,-13.415384615384609
1705,-5.689478672985769
1706,-13.415384615384609
1707,-5.689478672985769
1708,-13.415384615384609
1709,-13.415384615384609
1710,-13.415384615384609
1711,-13.415384615384609
1712,-5.689478672985769
1713,-13.415384615384609
1714,-5.689478672985769
1715,-13.415384615384609
1716,-5.689478672985769
1717,-13.415384615384609
1718,-5.689478672985769
1719,-13.415384615384609
1720,-5.689478672985769
1721,-19.871999999999975
1722,-5.689478672985769
1723,-19.871999999999975
1724,-5.689478672985769
1725,-19.871999999999975
1726,-5.689478672985769
1727,-19.871999999999975
1728,-5.689478672985769
1729,-13.415384615384609
1730,-5.689478672985769
1731,-13.415384615384609
1732,-13.415384615384609
1733,-5.689478672985769
1734,-13.415384615384609
1735,-5.689478672985769
1736,-13.415384615384609
1737,-5.689478672985769
1738,-19.871999999999975
1739,-5.689478672985769
1740,-13.415384615384609
1741,-5.689478672985769
1742,-13.415384615384609
1743,-5.689478672985769
1744,-13.415384615384609
1745,-13.415384615384609
1746,-5.689478672985769
1747,-13.415384615384609
1748,-5.689478672985769
1749,-19.871999999999975
1750,-5.689478672985769
1751,-13.415384615384609
1752,-5.689478672985769
1753,-13.415384615384609
1754,-5.689478672985769
1755,-13.415384615384609
1756,-13.415384615384609
1757,-5.689478672985769
1758,-4070.4000000000005
1759,-4070.4000000000005
1760,-4070.4000000000005
1761,-4070.4000000000005
1762,-4070.4000000000005
1763,-4070.4000000000005
1764,-4070.4000000000005
1765,-4070.4000000000005
1766,-4070.4000000000005
1767,-4070.4000000000005
1768,-4070.4000000000005
1769,-4070.4000000000005
1770,-4070.4000000000005
1771,-4070.4000000000005
1772,-4070.4000000000005
1773,-4070.4000000000005
1774,-4070.4000000000005
1775,-4070.4000000000005
1776,-4070.4000000000005
1777,-4070.4000000000005
1778,-4070.4000000000005
1779,-4070.4000000000005
1780,-4070.4000000000005
1781,-4070.4000000000005
1782,-4070.4000000000005
1783,-4070.4000000000005
1784,-4070.4000000000005
1785,-4070.4000000000005
1786,-4070.4000000000005
1787,-4070.4000000000005
1788,-4070.4000000000005
1789,-4070.4000000000005
1790,-4070.4000000000005
1791,-4070.4000000000005
1792,-4070.4000000000005
1793,-4070.4000000000005
1794,-4070.4000000000005
1795,-4070.4000000000005
1796,-4070.4000000000005
1797,-4070.4000000000005
1798,-4070.4000000000005
1799,-4070.4000000000005
1800,-4070.4000000000005
1801,-4070.4000000000005
1802,-4070.4000000000005
1803,-4070.4000000000005
1804,-4070.4000000000005
1805,-4070.4000000000005
1806,-4070.4000000000005
1807,-4070.4000000000005
1808,-4070.4000000000005
1809,-4070.4000000000005
1810,-4070.4000000000005
1811,-4070.4000000000005
1812,-4070.4000000000005
1813,-4070.4000000000005
1814,-4070.4000000000005
1815,-4070.4000000000005
1816,-4070.4000000000005
1817,-4070.4000000000005
1818,-4070.4000000000005
1819,-4070.4000000000005
1820,-4070.4000000000005
1821,-4070.4000000000005
1822,-4070.4000000000005
1823,-4070.4000000000005
1824,-4070.4000000000005
1825,-4070.4000000000005
1826,-4070.4000000000005
1827,-4070.4000000000005
1828,-4070.4000000000005
1829,-4070.4000000000005
1830,-4070.4000000000005
1831,-4070.4000000000005
1832,-4070.4000000000005
1833,-4070.4000000000005
1834,-4070.4000000000005
1835,-4070.4000000000005
1836,-4070.4000000000005
1837,-4070.4000000000005
1838,-4070.4000000000005
1839,-4070.4000000000005
1840,-4070.4000000000005
1841,-4070.4000000000005
1842,-4070.4000000000005
1843,-4070.4000000000005
1844,-4070.4000000000005
1845,-4070.4000000000005
1846,-4070.4000000000005
1847,-4070.4000000000005
1848,-4070.4000000000005
1849,-4070.4000000000005
1850,-4070.4000000000005
1851,-4070.4000000000005
1852,-4070.4000000000005
1853,-4070.4000000000005
1854,-4070.4000000000005
1855,-4070.4000000000005
1856,-4070.4000000000005
1857,-4070.4000000000005
1858,-4070.4000000000005
1859,-4070.4000000000005
1860,-4070.4000000000005
1861,-4070.4000000000005
1862,-4070.4000000000005
1863,-4070.4000000000005
1864,-4070.4000000000005
1865,-4070.4000000000005
1866,-4070.4000000000005
1867,-4070.4000000000005
1868,-4070.4000000000005
1869,-4070.4000000000005
1870,-4070.4000000000005
1871,-4070.4000000000005
1872,-4070.4000000000005
1873,-4070.4000000000005
1874,-4070.4000000000005
1875,-4070.4000000000005
1876,-4070.4000000000005
1877,-4070.4000000000005
1878,-4070.4000000000005
1879,-4070.4000000000005
1880,-4070.4000000000005
1881,-4070.4000000000005
1882,-4070.4000000000005
1883,-4070.4000000000005
1884,-4070.4000000000005
1885,-4070.4000000000005
1886,-4070.4000000000005
1887,-4070.4000000000005
1888,-4070.4000000000005
1889,-4070.4000000000005
1890,-4070.4000000000005
1891,-4070.4000000000005
1892,-4070.4000000000005
1893,-4070.4000000000005
1894,-4070.4000000000005
1895,-4070.4000000000005
1896,-4070.4000000000005
1897,-4070.4000000000005
1898,-4070.4000000000005
1899,-4070.4000000000005
1900,-4070.4000000000005
1901,-4070.4000000000005
1902,-4070.4000000000005
1903,-4070.4000000000005
1904,-4070.4000000000005
1905,-4070.4000000000005
1906,-4070.4000000000005
1907,-4070.4000000000005
1908,-4070.4000000000005
1909,-4070.4000000000005
1910,-4070.4000000000005
1911,-4070.4000000000005
1912,-4070.4000000000005
1913,-4070.4000000000005
1914,-4070.4000000000005
1915,-4070.4000000000005
1916,-4070.4000000000005
1917,-4070.4000000000005
1918,-4070.4000000000005
1919,-4070.4000000000005
1920,-4070.4000000000005
1921,-4070.4000000000005
1922,-4070.4000000000005
1923,-4070.4000000000005
1924,-5.689478672985769
1925,-4070.4000000000005
1926,-4070.4000000000005
1927,-4070.4000000000005
1928,-4070.4000000000005
1929,-4070.4000000000005
1930,-4070.4000000000005
1931,-4070.4000000000005
1932,-4070.4000000000005
1933,-5.689478672985769
1934,-57.59999999999877
1935,-10.639809976247015
1936,-9.52037752037756
1937,-57.59999999999877
1938,-9.52037752037756
1939,-12.452552788699661
1940,-9.52037752037756
1941,-57.59999999999877
1942,-9.52037752037756
1943,-12.452552788699661
1944,-9.52037752037756
1945,-4070.4000000000005
1946,-4070.4000000000005
1947,-4070.4000000000005
1948,-4070.4000000000005
1949,-4070.4000000000005
1950,-4070.4000000000005
1951,-4070.4000000000005
1952,-4070.4000000000005
1953,-4070.4000000000005
1954,-4070.4000000000005
1955,-4070.4000000000005
1956,-4070.4000000000005
1957,-4070.4000000000005
1958,-4070.4000000000005
1959,-4070.4000000000005
1960,-4070.4000000000005
1961,-4070.4000000000005
1962,-4070.4000000000005
1963,-4070.4000000000005
1964,-4070.4000000000005
1965,-4070.4000000000005
1966,-4070.4000000000005
1967,-4070.4000000000005
1968,-4070.4000000000005
1969,-4070.4000000000005
1970,-4070.4000000000005
1971,-4070.4000000000005
1972,-4070.4000000000005
1973,-4070.4000000000005
1974,-4070.4000000000005
1975,-4070.4000000000005
1976,-4070.4000000000005
1977,-4070.4000000000005
1978,-4070.4000000000005
1979,-4070.4000000000005
1980,-4070.4000000000005
1981,-4070.4000000000005
1982,-4070.4000000000005
1983,-4070.4000000000005
1984,-4070.4000000000005
1985,-4070.4000000000005
1986,-4070.4000000000005
1987,-4070.4000000000005
1988,-4070.4000000000005
1989,-4070.4000000000005
1990,-4070.4000000000005
1991,-4070.4000000000005
1992,-4070.4000000000005
1993,-4070.4000000000005
1994,-4070.4000000000005
1995,-4070.4000000000005
1996,-4070.4000000000005
1997,-4070.4000000000005
1998,-4070.4000000000005
1999,-4070.4000000000005
2000,-4070.4000000000005
2001,-4070.4000000000005
2002,-4070.4000000000005
2003,-4070.4000000000005
2004,-4070.4000000000005
2005,-4070.4000000000005
2006,-4070.4000000000005
2007,-4070.4000000000005
2008,-4070.4000000000005
2009,-4070.4000000000005
2010,-4070.4000000000005
2011,-4070.4000000000005
2012,-4070.4000000000005
2013,-4070.4000000000005
2014,-4070.4000000000005
2015,-4070.4000000000005
2016,-4070.4000000000005
2017,-4070.4000000000005
2018,-4070.4000000000005
2019,-4070.4000000000005
2020,-4070.4000000000005
2021,-4070.4000000000005
2022,-4070.4000000000005
2023,-4070.4000000000005
2024,-4070.4000000000005
2025,-4070.4000000000005
2026,-4070.4000000000005
2027,-4070.4000000000005
2028,-4070.4000000000005
2029,-9.52037752037756
2030,-19.871999999999975
2031,-57.59999999999877
2032,-19.871999999999975
2033,-9.52037752037756
2034,-28.159999999999854
2035,-9.52037752037756
2036,-19.871999999999975
2037,-9.52037752037756
2038,-19.871999999999975
2039,-9.52037752037756
2040,-13.415384615384609
2041,-13.415384615384609
2042,0.0
2043,-19.871999999999975
2044,-9.52037752037756
2045,-19.871999999999975
2046,-9.52037752037756
2047,-13.415384615384609
2048,-13.415384615384609
2049,-9.52037752037756
2050,-19.871999999999975
2051,-9.52037752037756
2052,-13.415384615384609
2053,-9.52037752037756
2054,-9.52037752037756
2055,-13.415384615384609
2056,-9.52037752037756
2057,-19.871999999999975
2058,-9.52037752037756
2059,-13.415384615384609
2060,-13.415384615384609
2061,-9.52037752037756
2062,-19.871999999999975
2063,-9.52037752037756
2064,-13.415384615384609
2065,-9.52037752037756
2066,-28.159999999999854
2067,-13.415384615384609
2068,-9.52037752037756
2069,-19.871999999999975
2070,-9.52037752037756
2071,-13.415384615384609
2072,-13.415384615384609
2073,-9.52037752037756
2074,-13.415384615384609
2075,-9.52037752037756
2076,-12.452552788699661
2077,-9.52037752037756
2078,-12.452552788699661
2079,-9.52037752037756
2080,-9.52037752037756
2081,-18.77142857142862
2082,0.0
2083,-12.452552788699661
2084,-9.52037752037756
2085,-10.639809976247015
2086,-6.024364741641343
2087,-9.52037752037756
2088,-18.77142857142862
2089,-9.52037752037756
2090,-18.77142857142862
2091,-9.52037752037756
2092,-17.692307692307924
2093,-8.452830188679261
2094,0.0
2095,0.0
2096,-9.52037752037756
2097,-12.452552788699661
2098,-9.52037752037756
2099,-28.799999999999898
2100,-8.452830188679261
2101,-9.52037752037756
2102,0.0
2103,-9.52037752037756
2104,0.0
2105,-9.52037752037756
2106,-8.452830188679261
2107,0.0
2108,-9.52037752037756
2109,0.0
2110,0.0
2111,-12.452552788699661
2112,0.0
2113,-9.52037752037756
2114,-12.452552788699661
2115,-9.52037752037756
2116,-12.452552788699661
2117,-9.52037752037756
2118,-10.639809976247015
2119,0.0
2120,-9.52037752037756
2121,0.0
2122,-9.52037752037756
2123,0.0
2124,-9.52037752037756
2125,-17.692307692307924
2126,-8.452830188679261
2127,-9.52037752037756
2128,-12.452552788699661
2129,-9.52037752037756
2130,0.0
2131,-9.52037752037756
2132,0.0
2133,-10.639809976247015
2134,-9.52037752037756
2135,0.0
2136,-9.52037752037756
2137,0.0
2138,-9.52037752037756
2139,0.0
2140,-12.452552788699661
2141,-9.52037752037756
2142,0.0
2143,-9.52037752037756
2144,-28.799999999999898
2145,-8.452830188679261
2146,0.0
2147,0.0
2148,-9.52037752037756
2149,0.0
2150,-9.52037752037756
2151,-8.452830188679261
2152,-10.639809976247015
2153,-9.52037752037756
2154,0.0
2155,-9.52037752037756
2156,0.0
2157,-9.52037752037756
2158,-8.452830188679261
2159,0.0
2160,-9.52037752037756
2161,0.0
2162,-9.52037752037756
2163,0.0
2164,0.0
2165,-8.452830188679261
2166,-10.639809976247015
2167,-9.52037752037756
2168,-12.452552788699661
2169,0.0
2170,-12.452552788699661
2171,0.0
2172,-8.452830188679261
2173,-10.639809976247015
2174,0.0
2175,-12.452552788699661
2176,0.0
2177,-12.452552788699661
2178,-9.52037752037756
2179,-10.639809976247015
2180,-8.452830188679261
2181,-9.52037752037756
2182,-12.452552788699661
2183,0.0
2184,-12.452552788699661
2185,0.0
2186,-10.639809976247015
2187,0.0
2188,-9.52037752037756
2189,-12.452552788699661
2190,0.0
2191,-12.452552788699661
2192,0.0
2193,-10.639809976247015
2194,0.0
2195,-9.52037752037756
2196,-12.452552788699661
2197,-9.52037752037756
2198,-12.452552788699661
2199,-28.799999999999898
2200,-10.639809976247015
2201,-8.452830188679261
2202,-28.799999999999898
2203,0.0
2204,-9.52037752037756
2205,-28.799999999999898
2206,-9.52037752037756
2207,-10.639809976247015
2208,-28.799999999999898
2209,-9.52037752037756
2210,0.0
2211,-28.799999999999898
2212,-12.452552788699661
2213,-9.52037752037756
2214,-28.799999999999898
2215,-9.52037752037756
2216,-8.452830188679261
2217,-10.639809976247015
2218,-28.799999999999898
2219,0.0
2220,-9.52037752037756
2221,-28.799999999999898
2222,-28.799999999999898
2223,-17.692307692307924
2224,-8.452830188679261
2225,-9.52037752037756
2226,0.0
2227,-9.52037752037756
2228,-57.59999999999877
2229,-57.59999999999877
2230,-57.59999999999877
2231,-9.52037752037756
2232,-10.639809976247015
2233,-8.452830188679261
2234,-57.59999999999877
2235,-12.452552788699661
2236,-9.52037752037756
2237,-57.59999999999877
2238,-57.59999999999877
2239,-12.452552788699661
2240,-9.52037752037756
2241,-12.452552788699661
2242,-57.59999999999877
2243,-17.692307692307924
2244,-9.52037752037756
2245,-10.639809976247015
2246,-57.59999999999877
2247,-57.59999999999877
2248,-8.452830188679261
2249,-8.452830188679261
2250,-10.639809976247015
2251,-57.59999999999877
2252,-57.59999999999877
2253,-57.59999999999877
2254,-14.400000000000205
2255,-9.52037752037756
2256,-14.400000000000205
2257,-9.52037752037756
2258,-14.400000000000205
2259,-57.59999999999877
2260,-57.59999999999877
2261,-57.59999999999877
2262,-57.59999999999877
2263,-57.59999999999877
2264,-57.59999999999877
2265,-57.59999999999877
2266,-57.59999999999877
2267,-57.59999999999877
2268,-12.452552788699661
2269,-9.52037752037756
2270,-12.452552788699661
2271,-57.59999999999877
2272,-12.452552788699661
2273,-9.52037752037756
2274,-12.452552788699661
2275,-57.59999999999877
2276,-12.452552788699661
2277,-9.52037752037756
2278,-14.400000000000205
2279,-9.52037752037756
2280,-57.59999999999877
2281,-57.59999999999877
2282,-12.452552788699661
2283,-9.52037752037756
2284,-57.59999999999877
2285,-57.59999999999877
2286,-8.452830188679261
2287,-8.452830188679261
2288,-8.452830188679261
2289,-8.452830188679261
2290,-57.59999999999877
2291,-57.59999999999877
2292,-9.52037752037756
2293,-10.639809976247015
2294,-9.52037752037756
2295,-57.59999999999877
2296,-9.52037752037756
2297,-12.452552788699661
2298,-9.52037752037756
2299,-57.59999999999877
2300,-57.59999999999877
2301,-57.59999999999877
2302,-9.52037752037756
2303,-14.400000000000205
2304,-9.52037752037756
2305,-14.400000000000205
2306,-9.52037752037756
2307,-8.452830188679261
2308,-10.639809976247015
2309,-57.59999999999877
2310,-57.59999999999877
2311,-57.59999999999877
2312,-57.59999999999877
2313,-57.59999999999877
2314,-57.59999999999877
2315,-57.59999999999877
2316,-57.59999999999877
2317,-57.59999999999877
2318,-57.59999999999877
2319,-57.59999999999877
2320,-57.59999999999877
2321,-57.59999999999877
2322,-57.59999999999877
2323,-14.400000000000205
2324,-9.52037752037756
2325,-57.59999999999877
2326,-57.59999999999877
2327,-57.59999999999877
2328,-57.59999999999877
2329,-57.59999999999877
2330,-57.59999999999877
2331,-57.59999999999877
2332,-57.59999999999877
2333,-57.59999999999877
2334,-57.59999999999877
2335,-57.59999999999877
2336,-57.59999999999877
2337,-57.59999999999877
2338,-57.59999999999877
2339,-57.59999999999877
2340,-17.692307692307924
2341,-8.452830188679261
2342,-9.52037752037756
2343,-28.799999999999898
2344,-57.59999999999877
2345,-19.871999999999975
2346,-9.52037752037756
2347,-14.400000000000205
2348,-57.59999999999877
2349,-57.59999999999877
2350,-8.452830188679261
2351,-8.452830188679261
2352,-57.59999999999877
2353,-57.59999999999877
2354,-14.400000000000205
2355,-9.52037752037756
2356,-14.400000000000205
2357,-57.59999999999877
2358,-10.639809976247015
2359,-9.52037752037756
2360,-8.452830188679261
2361,-17.692307692307924
2362,-57.59999999999877
2363,-14.400000000000205
2364,-9.52037752037756
2365,-57.59999999999877
2366,-57.59999999999877
2367,-10.639809976247015
2368,-8.452830188679261
2369,-9.52037752037756
2370,-28.799999999999898
2371,-9.52037752037756
2372,-28.799999999999898
2373,-9.52037752037756
2374,-28.799999999999898
2375,-9.52037752037756
2376,-12.452552788699661
2377,-28.799999999999898
2378,-8.452830188679261
2379,-8.452830188679261
2380,-9.52037752037756
2381,-14.400000000000205
2382,-9.52037752037756
2383,-14.400000000000205
2384,-9.52037752037756
2385,-14.400000000000205
2386,-9.52037752037756
2387,-14.400000000000205
2388,-9.52037752037756
2389,-8.452830188679261
2390,-10.639809976247015
2391,-9.52037752037756
2392,-14.400000000000205
2393,-9.52037752037756
2394,-28.799999999999898
2395,-9.52037752037756
2396,-17.692307692307924
2397,-8.452830188679261
2398,-9.52037752037756
2399,-28.799999999999898
2400,-9.52037752037756
2401,-14.400000000000205
2402,-28.799999999999898
2403,-10.639809976247015
2404,-8.452830188679261
2405,-9.52037752037756
2406,-10.639809976247015
2407,-28.799999999999898
2408,-14.400000000000205
2409,-9.52037752037756
2410,-28.799999999999898
2411,-9.52037752037756
2412,-8.452830188679261
2413,-10.639809976247015
2414,-9.52037752037756
2415,-28.799999999999898
2416,-9.52037752037756
2417,-14.400000000000205
2418,-28.799999999999898
2419,-14.400000000000205
2420,-9.52037752037756
2421,-8.452830188679261
2422,-8.452830188679261
2423,-28.799999999999898
2424,-14.400000000000205
2425,-9.52037752037756
2426,-28.799999999999898
2427,-9.52037752037756
2428,-28.799999999999898
2429,-9.52037752037756
2430,-8.452830188679261
2431,-28.799999999999898
2432,-9.52037752037756
2433,-14.400000000000205
2434,-28.799999999999898
2435,-14.400000000000205
2436,-9.52037752037756
2437,-17.692307692307924
2438,-8.452830188679261
2439,-28.799999999999898
2440,-14.400000000000205
2441,-9.52037752037756
2442,-14.400000000000205
2443,-9.52037752037756
2444,0.0
2445,-9.52037752037756
2446,-10.639809976247015
2447,-28.799999999999898
2448,-9.52037752037756
2449,-14.400000000000205
2450,-9.52037752037756
2451,-14.400000000000205
2452,-9.52037752037756
2453,-12.452552788699661
2454,-9.52037752037756
2455,-28.799999999999898
2456,-8.452830188679261
2457,-28.799999999999898
2458,-12.452552788699661
2459,-9.52037752037756
2460,-18.77142857142862
2461,-9.52037752037756
2462,-28.799999999999898
2463,-9.52037752037756
2464,-10.639809976247015
2465,-28.799999999999898
2466,-9.52037752037756
2467,-14.400000000000205
2468,-9.52037752037756
2469,-14.400000000000205
2470,-28.799999999999898
2471,-14.400000000000205
2472,-9.52037752037756
2473,-28.799999999999898
2474,-10.639809976247015
2475,-9.52037752037756
2476,-14.400000000000205
2477,-9.52037752037756
2478,-28.799999999999898
2479,-9.52037752037756
2480,-28.799999999999898
2481,-8.452830188679261
2482,-9.52037752037756
2483,-18.77142857142862
2484,-9.52037752037756
2485,-28.799999999999898
2486,-9.52037752037756
2487,-28.799999999999898
2488,-9.52037752037756
2489,-28.799999999999898
2490,-12.452552788699661
2491,-9.52037752037756
2492,-28.799999999999898
2493,-9.52037752037756
2494,-28.799999999999898
2495,-9.52037752037756
2496,-8.452830188679261
2497,-28.799999999999898
2498,-9.52037752037756
2499,-12.452552788699661
2500,-9.52037752037756
2501,-12.452552788699661
2502,-9.52037752037756
2503,-18.77142857142862
2504,-9.52037752037756
2505,-8.452830188679261
2506,-8.452830188679261
2507,-28.799999999999898
2508,-10.639809976247015
2509,-28.799999999999898
2510,-14.400000000000205
2511,-57.59999999999877
2512,-14.400000000000205
2513,-9.52037752037756
2514,-18.77142857142862
2515,-9.52037752037756
2516,-7.007142857142809
2517,-8.452830188679261
2518,-57.59999999999877
2519,-8.452830188679261
2520,-57.59999999999877
2521,-10.639809976247015
2522,-57.59999999999877
2523,-14.400000000000205
2524,-9.52037752037756
2525,-57.59999999999877
2526,-9.52037752037756
2527,-57.59999999999877
2528,-9.52037752037756
2529,-14.400000000000205
2530,-9.52037752037756
2531,-14.400000000000205
2532,-57.59999999999877
2533,-18.77142857142862
2534,-57.59999999999877
2535,-10.639809976247015
2536,-9.52037752037756
2537,-10.639809976247015
2538,-8.452830188679261
2539,-8.452830188679261
2540,-8.452830188679261
2541,-9.52037752037756
2542,-10.639809976247015
2543,-57.59999999999877
2544,-18.77142857142862
2545,-57.59999999999877
2546,-14.400000000000205
2547,-57.59999999999877
2548,-14.400000000000205
2549,-9.52037752037756
2550,-14.400000000000205
2551,-9.52037752037756
2552,-57.59999999999877
2553,-9.52037752037756
2554,-57.59999999999877
2555,-9.52037752037756
2556,-18.77142857142862
2557,-9.52037752037756
2558,-10.639809976247015
2559,-9.52037752037756
2560,-8.452830188679261
2561,-57.59999999999877
2562,-8.452830188679261
2563,-57.59999999999877
2564,-9.52037752037756
2565,-57.59999999999877
2566,-9.52037752037756
2567,-14.400000000000205
2568,-9.52037752037756
2569,-14.400000000000205
2570,-57.59999999999877
2571,-14.400000000000205
2572,-57.59999999999877
2573,-14.400000000000205
2574,-9.52037752037756
2575,-57.59999999999877
2576,-9.52037752037756
2577,-57.59999999999877
2578,-9.52037752037756
2579,-14.400000000000205
2580,-9.52037752037756
2581,-14.400000000000205
2582,-9.52037752037756
2583,-14.400000000000205
2584,-57.59999999999877
2585,-10.639809976247015
2586,-57.59999999999877
2587,-8.452830188679261
2588,-8.452830188679261
2589,-9.52037752037756
2590,-10.639809976247015
2591,-9.52037752037756
2592,-14.400000000000205
2593,-57.59999999999877
2594,-14.400000000000205
2595,-9.52037752037756
2596,-14.400000000000205
2597,-9.52037752037756
2598,-14.400000000000205
2599,-9.52037752037756
2600,-14.400000000000205
2601,-9.52037752037756
2602,-57.59999999999877
2603,-8.452830188679261
2604,-57.59999999999877
2605,-10.639809976247015
2606,-9.52037752037756
2607,-14.400000000000205
2608,-9.52037752037756
2609,-57.59999999999877
2610,-9.52037752037756
2611,-14.400000000000205
2612,-9.52037752037756
2613,-14.400000000000205
2614,-57.59999999999877
2615,-10.639809976247015
2616,-8.452830188679261
2617,-57.59999999999877
2618,-57.59999999999877
2619,-57.59999999999877
2620,-57.59999999999877
2621,-57.59999999999877
2622,-57.59999999999877
2623,-57.59999999999877
2624,-57.59999999999877
2625,-9.52037752037756
2626,-8.452830188679261
2627,-10.639809976247015
2628,-57.59999999999877
2629,-57.59999999999877
2630,-57.59999999999877
2631,-57.59999999999877
2632,-9.52037752037756
2633,-14.400000000000205
2634,-9.52037752037756
2635,-8.452830188679261
2636,-8.452830188679261
2637,-57.59999999999877
2638,-57.59999999999877
2639,-57.59999999999877
2640,-57.59999999999877
2641,-57.59999999999877
2642,-57.59999999999877
2643,-57.59999999999877
2644,-57.59999999999877
2645,-9.52037752037756
2646,-8.452830188679261
2647,-57.59999999999877
2648,-9.52037752037756
2649,-12.452552788699661
2650,-9.52037752037756
2651,-14.400000000000205
2652,-9.52037752037756
2653,-14.400000000000205
2654,-9.52037752037756
2655,-10.639809976247015
2656,-8.452830188679261
2657,-9.52037752037756
2658,-14.400000000000205
2659,-9.52037752037756
2660,-14.400000000000205
2661,-9.52037752037756
2662,-14.400000000000205
2663,-9.52037752037756
2664,-8.452830188679261
2665,-10.639809976247015
2666,-28.799999999999898
2667,-57.59999999999877
2668,-9.52037752037756
2669,-14.400000000000205
2670,-9.52037752037756
2671,-14.400000000000205
2672,-9.52037752037756
2673,-28.799999999999898
2674,-28.799999999999898
2675,-8.452830188679261
2676,-10.639809976247015
2677,-9.52037752037756
2678,-14.400000000000205
2679,-28.799999999999898
2680,-14.400000000000205
2681,-9.52037752037756
2682,-12.452552788699661
2683,-28.799999999999898
2684,-12.452552788699661
2685,-9.52037752037756
2686,-8.452830188679261
2687,-28.799999999999898
2688,-9.52037752037756
2689,-14.400000000000205
2690,-9.52037752037756
2691,-14.400000000000205
2692,-9.52037752037756
2693,-12.452552788699661
2694,-9.52037752037756
2695,-12.452552788699661
2696,-9.52037752037756
2697,-8.452830188679261
2698,-8.452830188679261
2699,-9.52037752037756
2700,-14.400000000000205
2701,-9.52037752037756
2702,-28.799999999999898
2703,-9.52037752037756
2704,-14.400000000000205
2705,-9.52037752037756
2706,-8.452830188679261
2707,-10.639809976247015
2708,-9.52037752037756
2709,-28.799999999999898
2710,-9.52037752037756
2711,-14.400000000000205
2712,-9.52037752037756
2713,-10.639809976247015
2714,-9.52037752037756
2715,-8.452830188679261
2716,-10.639809976247015
2717,-9.52037752037756
2718,-14.400000000000205
2719,-9.52037752037756
2720,-14.400000000000205
2721,-9.52037752037756
2722,-10.639809976247015
2723,-8.452830188679261
2724,-9.52037752037756
2725,-14.400000000000205
2726,-9.52037752037756
2727,-14.400000000000205
2728,-9.52037752037756
2729,-12.452552788699661
2730,-9.52037752037756
2731,-8.452830188679261
2732,-10.639809976247015
2733,-9.52037752037756
2734,-12.452552788699661
2735,-28.799999999999898
2736,-12.452552788699661
2737,-9.52037752037756
2738,-14.400000000000205
2739,-9.52037752037756
2740,-8.452830188679261
2741,-28.799999999999898
2742,-28.799999999999898
2743,-28.799999999999898
2744,-28.799999999999898
2745,-28.799999999999898
2746,-28.799999999999898
2747,-28.799999999999898
2748,-28.799999999999898
2749,-28.799999999999898
2750,-28.799999999999898
2751,-28.799999999999898
2752,-14.400000000000205
2753,-9.52037752037756
2754,-12.452552788699661
2755,-9.52037752037756
2756,-8.452830188679261
2757,-10.639809976247015
2758,-9.52037752037756
2759,-12.452552788699661
2760,-9.52037752037756
2761,-12.452552788699661
2762,-9.52037752037756
2763,-12.452552788699661
2764,-9.52037752037756
2765,-10.639809976247015
2766,-8.452830188679261
2767,-9.52037752037756
2768,-12.452552788699661
2769,-9.52037752037756
2770,-12.452552788699661
2771,-9.52037752037756
2772,-12.452552788699661
2773,-9.52037752037756
2774,-10.639809976247015
2775,-8.452830188679261
2776,-8.452830188679261
2777,-10.639809976247015
2778,-9.52037752037756
2779,-12.452552788699661
2780,-9.52037752037756
2781,-12.452552788699661
2782,-9.52037752037756
2783,-12.452552788699661
2784,-9.52037752037756
2785,-17.692307692307924
2786,-8.452830188679261
2787,-8.452830188679261
2788,-10.639809976247015
2789,-9.52037752037756
2790,-12.452552788699661
2791,-9.52037752037756
2792,-28.799999999999898
2793,-9.52037752037756
2794,-12.452552788699661
2795,-28.799999999999898
2796,-12.452552788699661
2797,-9.52037752037756
2798,-28.799999999999898
2799,-9.52037752037756
2800,-13.415384615384609
2801,-28.799999999999898
2802,-8.452830188679261
2803,-10.639809976247015
2804,-9.52037752037756
2805,-57.59999999999877
2806,-57.59999999999877
2807,-57.59999999999877
2808,-57.59999999999877
2809,-14.400000000000205
2810,-9.52037752037756
2811,-14.400000000000205
2812,-9.52037752037756
2813,-14.400000000000205
2814,-9.52037752037756
2815,-10.639809976247015
2816,-4876.8
2817,-9.52037752037756
2818,-12.452552788699661
2819,-4876.8
2820,-4876.8
2821,-4876.8
2822,-4876.8
2823,-4876.8
2824,-4876.8
2825,-4876.8
2826,-4876.8
2827,-4876.8
2828,-4876.8
2829,-4876.8
2830,-4876.8
2831,-9.52037752037756
2832,-9.900000000000077
2833,-9.52037752037756
2834,-19.871999999999975
2835,-9.52037752037756
2836,-19.871999999999975
2837,-9.52037752037756
2838,-19.871999999999975
2839,-9.52037752037756
2840,-13.415384615384609
2841,-9.52037752037756
2842,-13.415384615384609
2843,-9.52037752037756
2844,-13.415384615384609
2845,-9.52037752037756
2846,-13.415384615384609
2847,-9.52037752037756
2848,-19.871999999999975
2849,-9.52037752037756
2850,-19.871999999999975
2851,-9.52037752037756
2852,-19.871999999999975
2853,-9.52037752037756
2854,-57.59999999999877
2855,-57.59999999999877
2856,-57.59999999999877
2857,-57.59999999999877
2858,-57.59999999999877
2859,-9.52037752037756
2860,-13.415384615384609
2861,-9.52037752037756
2862,-13.415384615384609
2863,-9.52037752037756
2864,-13.415384615384609
2865,-9.52037752037756
2866,-13.415384615384609
2867,-13.415384615384609
2868,-13.415384615384609
2869,-13.415384615384609
2870,-13.415384615384609
2871,-13.415384615384609
2872,-13.415384615384609
2873,-13.415384615384609
2874,-13.415384615384609
2875,-13.415384615384609
2876,-13.415384615384609
2877,-9.52037752037756
2878,-13.415384615384609
2879,-9.52037752037756
2880,-13.415384615384609
2881,-9.52037752037756
2882,-13.415384615384609
2883,-9.52037752037756
2884,-19.871999999999975
2885,-9.52037752037756
2886,-19.871999999999975
2887,-9.52037752037756
2888,-19.871999999999975
2889,-9.52037752037756
2890,-19.871999999999975
2891,-9.52037752037756
2892,-19.871999999999975
2893,-9.52037752037756
2894,-19.871999999999975
2895,-9.52037752037756
2896,-13.415384615384609
2897,-9.52037752037756
2898,-13.415384615384609
2899,-13.415384615384609
2900,-9.52037752037756
2901,-13.415384615384609
2902,-9.52037752037756
2903,-13.415384615384609
2904,-9.52037752037756
2905,-19.871999999999975
2906,-9.52037752037756
2907,-19.871999999999975
2908,-9.52037752037756
2909,-19.871999999999975
2910,-9.52037752037756
2911,-19.871999999999975
2912,-9.52037752037756
2913,-13.415384615384609
2914,-9.52037752037756
2915,-13.415384615384609
2916,-13.415384615384609
2917,-9.52037752037756
2918,-13.415384615384609
2919,-9.52037752037756
2920,-19.871999999999975
2921,-9.52037752037756
2922,-19.871999999999975
2923,-9.52037752037756
2924,-19.871999999999975
2925,-9.52037752037756
2926,-13.415384615384609
2927,-9.52037752037756
2928,-13.415384615384609
2929,-13.415384615384609
2930,-9.52037752037756
2931,-13.415384615384609
2932,-9.52037752037756
2933,-13.415384615384609
2934,-9.52037752037756
2935,-19.871999999999975
2936,-9.52037752037756
2937,-19.871999999999975
2938,-9.52037752037756
2939,-13.415384615384609
2940,-9.52037752037756
2941,-13.415384615384609
2942,-13.415384615384609
2943,-9.52037752037756
2944,-13.415384615384609
2945,-9.52037752037756
2946,-13.415384615384609
2947,-9.52037752037756
2948,-19.871999999999975
2949,-9.52037752037756
2950,-19.871999999999975
2951,-9.52037752037756
2952,-13.415384615384609
2953,-13.415384615384609
2954,-13.415384615384609
2955,-13.415384615384609
2956,-9.52037752037756
2957,-13.415384615384609
2958,-9.52037752037756
2959,-19.871999999999975
2960,-9.52037752037756
2961,-19.871999999999975
2962,-9.52037752037756
2963,-19.871999999999975
2964,-9.52037752037756
2965,-13.415384615384609
2966,-9.52037752037756
2967,-13.415384615384609
2968,-13.415384615384609
2969,-9.52037752037756
2970,-10.639809976247015
2971,-9.52037752037756
2972,-13.415384615384609
2973,-9.52037752037756
2974,-19.871999999999975
2975,-9.52037752037756
2976,-19.871999999999975
2977,-9.52037752037756
2978,-19.871999999999975
2979,-9.52037752037756
2980,-13.415384615384609
2981,-9.52037752037756
2982,-13.415384615384609
2983,-13.415384615384609
2984,-9.52037752037756
2985,-14.400000000000205
2986,-9.52037752037756
2987,-14.400000000000205
2988,-9.52037752037756
2989,0.0
2990,-9.52037752037756
2991,-10.639809976247015
2992,-8.452830188679261
2993,-9.52037752037756
2994,-10.639809976247015
2995,-9.52037752037756
2996,-18.77142857142862
2997,-9.52037752037756
2998,0.0
2999,-9.52037752037756
